cg_iteration,rmp_value,number_of_columns,last_reduced_cost,dual_mean,dual_variance,rmp_time,pricing_time
0,9.111162,433,-1.149620,0.036445,0.001785,0.105244,4.350860
1,9.001446,434,-1.037095,0.036006,0.001483,0.098967,6.873474
2,8.939681,435,-1.087987,0.035759,0.001626,0.087260,3.832590
3,8.859075,436,-1.037055,0.035436,0.001524,0.071188,5.590224
4,8.797430,437,-0.964585,0.035190,0.001475,0.087516,7.619229
5,8.752969,438,-0.995992,0.035012,0.001549,0.082269,6.341121
6,8.733781,439,-0.907983,0.034935,0.001379,0.082884,22.936171
7,8.694596,440,-0.925743,0.034778,0.001394,0.095445,20.768202
8,8.657706,441,-0.873820,0.034631,0.001302,0.083947,22.948198
9,8.638337,442,-0.831890,0.034553,0.001222,0.083785,30.113523
10,8.621516,443,-0.986266,0.034486,0.001369,0.088833,6.821963
11,8.589293,444,-0.925376,0.034357,0.001342,0.100936,14.363193
12,8.575921,445,-0.878965,0.034304,0.001208,0.070157,26.799145
13,8.555852,446,-0.953678,0.034223,0.001409,0.075791,4.854527
14,8.532008,447,-0.943658,0.034128,0.001242,0.112535,10.517773
15,8.509926,448,-0.813591,0.034040,0.001093,0.098386,30.138138
16,8.492254,449,-0.946976,0.033969,0.001156,0.088965,10.553851
17,8.473680,450,-0.947846,0.033895,0.001122,0.102212,11.203589
18,8.464244,451,-0.869488,0.033857,0.001177,0.111787,30.132492
19,8.449215,452,-0.809732,0.033797,0.001018,0.072491,30.121541
20,8.437788,453,-0.803900,0.033751,0.000978,0.096747,30.128710
21,8.428949,454,-0.815589,0.033716,0.001044,0.069471,30.114760
22,8.417728,455,-0.822499,0.033671,0.001001,0.078655,30.119039
23,8.406712,456,-0.830008,0.033627,0.001071,0.091557,30.110055
24,8.398819,457,-0.793425,0.033595,0.001046,0.110417,30.119316
25,8.388581,458,-0.776489,0.033554,0.000924,0.100320,30.116532
26,8.381394,459,-0.768787,0.033526,0.001062,0.084433,30.113596
27,8.368977,460,-0.843681,0.033476,0.001002,0.079865,30.127453
28,8.357833,461,-0.739025,0.033431,0.000874,0.079256,30.123496
29,8.347549,462,-0.751130,0.033390,0.000925,0.088548,30.109669
30,8.333364,463,-0.815230,0.033333,0.001054,0.098651,30.133561
31,8.325046,464,-0.826950,0.033300,0.000829,0.096692,30.135496
32,8.315302,465,-0.702505,0.033261,0.000870,0.100702,30.130156
33,8.306835,466,-0.689060,0.033227,0.000878,0.098632,30.107287
34,8.300057,467,-0.682243,0.033200,0.000837,0.096575,30.144537
35,8.295481,468,-0.770648,0.033182,0.000878,0.099626,30.121734
36,8.289500,469,-0.726258,0.033158,0.000759,0.089261,30.133288
37,8.283636,470,-0.677233,0.033135,0.000726,0.083978,30.124350
38,8.277752,471,-0.735772,0.033111,0.000752,0.086381,30.120527
39,8.274949,472,-0.709020,0.033100,0.000831,0.110092,30.145048
40,8.269883,473,-0.699506,0.033080,0.000791,0.112738,30.127361
41,8.264989,474,-0.665476,0.033060,0.000740,0.084437,30.116040
42,8.259913,475,-0.677125,0.033040,0.000927,0.110107,30.108741
43,8.256776,476,-0.686534,0.033027,0.000791,0.075394,30.113711
44,8.252249,477,-0.765420,0.033009,0.000965,0.083263,30.124595
45,8.247956,478,-0.784398,0.032992,0.000843,0.090255,30.124309
46,8.243629,479,-0.707600,0.032975,0.000824,0.097038,30.122693
47,8.239453,480,-0.755492,0.032958,0.000949,0.088698,30.110275
48,8.234919,481,-0.681341,0.032940,0.000810,0.089228,30.152794
49,8.232203,482,-0.667499,0.032929,0.000796,0.073680,30.115591
50,8.228616,483,-0.762843,0.032914,0.000945,0.063865,30.124925
51,8.224601,484,-0.731071,0.032898,0.000959,0.094718,30.112646
52,8.220534,485,-0.728178,0.032882,0.000905,0.117598,30.131569
53,8.215804,486,-0.697025,0.032863,0.000800,0.097831,30.139659
54,8.212544,487,-0.723795,0.032850,0.000769,0.075763,30.124648
55,8.209494,488,-0.754708,0.032838,0.000819,0.071050,30.141961
56,8.203377,489,-0.783869,0.032814,0.000893,0.113478,30.120944
57,8.198719,490,-0.735089,0.032795,0.001009,0.099087,30.105485
58,8.194105,491,-0.726848,0.032776,0.000939,0.081724,30.131013
59,8.189742,492,-0.717807,0.032759,0.000986,0.072636,30.111060
60,8.186346,493,-0.741225,0.032745,0.000932,0.076297,30.118292
61,8.183403,494,-0.766121,0.032734,0.000870,0.091135,30.102247
62,8.180320,495,-0.719195,0.032721,0.000835,0.082732,30.109878
63,8.176677,496,-0.752353,0.032707,0.000890,0.104665,30.115573
64,8.172411,497,-0.723890,0.032690,0.000933,0.092125,30.116092
65,8.162122,498,-0.692082,0.032648,0.000901,0.109812,30.111492
66,8.157373,499,-0.764857,0.032629,0.000931,0.088120,30.110273
67,8.149393,500,-0.691801,0.032598,0.000815,0.087351,30.115601
68,8.137180,501,-0.700520,0.032549,0.000954,0.101797,30.106514
69,8.130300,502,-0.744821,0.032521,0.001002,0.068455,30.119030
70,8.123544,503,-0.695922,0.032494,0.000907,0.090322,30.138186
71,8.117802,504,-0.744061,0.032471,0.000888,0.089563,30.125428
72,8.111678,505,-0.727963,0.032447,0.000925,0.108705,30.130297
73,8.105704,506,-0.784975,0.032423,0.001000,0.086192,30.105322
74,8.100828,507,-0.735147,0.032403,0.000939,0.099423,30.105008
75,8.096122,508,-0.680603,0.032384,0.000859,0.075194,30.125668
76,8.092098,509,-0.646722,0.032368,0.000891,0.095896,30.107004
77,8.086590,510,-0.689941,0.032346,0.000856,0.104410,30.126365
78,8.081041,511,-0.740036,0.032324,0.000807,0.107505,30.119408
79,8.074380,512,-0.808226,0.032298,0.000890,0.094723,30.137298
80,8.070623,513,-0.668969,0.032282,0.000832,0.083979,30.106213
81,8.067873,514,-0.675172,0.032271,0.000820,0.089905,30.126602
82,8.062702,515,-0.825677,0.032251,0.000946,0.095953,13.566388
83,8.058337,516,-0.709921,0.032233,0.000783,0.085908,30.142773
84,8.054802,517,-0.669096,0.032219,0.000834,0.110394,30.107879
85,8.050693,518,-0.690625,0.032203,0.000843,0.097612,30.111698
86,8.043224,519,-0.693325,0.032173,0.000906,0.113297,30.115971
87,8.037327,520,-0.654220,0.032149,0.000817,0.092576,30.117672
88,8.031297,521,-0.694747,0.032125,0.000770,0.095827,30.144624
89,8.026684,522,-0.704964,0.032107,0.000855,0.115330,30.130947
90,8.022798,523,-0.781402,0.032091,0.000748,0.097574,19.563912
91,8.015773,524,-0.720302,0.032063,0.000779,0.089166,30.113105
92,8.013037,525,-0.718829,0.032052,0.000836,0.062730,30.132556
93,8.010667,526,-0.656420,0.032043,0.000729,0.076622,30.117583
94,8.007341,527,-0.638488,0.032029,0.000761,0.091399,30.124209
95,8.003723,528,-0.686316,0.032015,0.000864,0.085956,30.111582
96,7.999705,529,-0.636565,0.031999,0.000940,0.084690,30.113331
97,7.995925,530,-0.582642,0.031984,0.000636,0.095149,30.108207
98,7.992307,531,-0.639804,0.031969,0.000704,0.081348,30.123608
99,7.989181,532,-0.668218,0.031957,0.000717,0.075585,30.121080
100,7.986353,533,-0.663973,0.031945,0.000682,0.093119,30.106071
101,7.982424,534,-0.615383,0.031930,0.000759,0.100389,30.128748
102,7.978855,535,-0.686009,0.031915,0.000760,0.068438,30.117165
103,7.973216,536,-0.608637,0.031893,0.000711,0.107311,30.110830
104,7.969786,537,-0.654428,0.031879,0.000709,0.075747,30.123578
105,7.966391,538,-0.663321,0.031866,0.000770,0.087310,30.120687
106,7.962903,539,-0.626096,0.031852,0.000686,0.073110,30.114289
107,7.959322,540,-0.619090,0.031837,0.000722,0.079970,30.108315
108,7.956783,541,-0.666840,0.031827,0.000805,0.073409,30.127210
109,7.952082,542,-0.599871,0.031808,0.000758,0.092215,30.156979
110,7.947258,543,-0.634794,0.031789,0.000843,0.089650,30.110727
111,7.942645,544,-0.685269,0.031771,0.000848,0.087082,30.120382
112,7.938071,545,-0.673949,0.031752,0.000776,0.103011,30.143801
113,7.935076,546,-0.657223,0.031740,0.000713,0.098500,30.117820
114,7.931263,547,-0.598218,0.031725,0.000748,0.084823,30.108233
115,7.929371,548,-0.606056,0.031717,0.000680,0.087869,30.106474
116,7.925961,549,-0.612494,0.031704,0.000669,0.113371,30.106537
117,7.924227,550,-0.556735,0.031697,0.000647,0.133088,30.114079
118,7.920701,551,-0.579986,0.031683,0.000664,0.120143,30.125507
119,7.918523,552,-0.524387,0.031674,0.000740,0.106902,30.116395
120,7.917133,553,-0.583933,0.031669,0.000763,0.078293,30.103609
121,7.915920,554,-0.624724,0.031664,0.000736,0.052436,30.128255
122,7.914341,555,-0.674762,0.031657,0.000719,0.111865,30.127990
123,7.912973,556,-0.607928,0.031652,0.000730,0.082890,30.119832
124,7.910741,557,-0.658420,0.031643,0.000657,0.121874,30.132334
125,7.908023,558,-0.578704,0.031632,0.000648,0.122173,30.140448
126,7.905722,559,-0.592480,0.031623,0.000607,0.107955,30.158961
127,7.904110,560,-0.588430,0.031616,0.000628,0.092827,30.137204
128,7.902142,561,-0.641016,0.031609,0.000614,0.111047,30.152677
129,7.899732,562,-0.502292,0.031599,0.000578,0.112712,30.135781
