iteration,vertex_id,degree,normalized_degree,dual,weighted_neighbor_dual,complement_degree,stable_set_occurrences
0,0,115,0.927419,0.361569,39.302241,9,7
0,1,108,0.870968,0.197100,37.229730,16,12
0,2,115,0.927419,0.444298,39.414305,9,5
0,3,112,0.903226,0.148978,38.299604,12,10
0,4,103,0.830645,0.214403,35.094100,21,16
0,5,112,0.903226,0.444298,39.225115,12,8
0,6,110,0.887097,0.350857,37.704680,14,10
0,7,108,0.870968,0.214403,37.129862,16,11
0,8,117,0.943548,0.504779,40.560152,7,5
0,9,116,0.935484,0.341463,39.879202,8,6
0,10,112,0.903226,0.371127,39.191661,12,8
0,11,112,0.903226,0.371127,39.769281,12,8
0,12,112,0.903226,0.416282,38.616678,12,10
0,13,111,0.895161,0.305702,38.167436,13,7
0,14,109,0.879032,0.323006,37.590475,15,13
0,15,112,0.903226,0.416282,38.673204,12,10
0,16,108,0.870968,0.321523,37.572512,16,14
0,17,111,0.895161,0.148978,37.671061,13,8
0,18,107,0.862903,0.376895,36.783454,17,15
0,19,106,0.854839,0.102999,35.770600,18,11
0,20,109,0.879032,0.386454,37.827291,15,11
0,21,112,0.903226,0.209130,38.796803,12,9
0,22,108,0.870968,0.216381,37.186882,16,12
0,23,107,0.862903,0.321688,37.168425,17,13
0,24,108,0.870968,0.337014,37.059822,16,16
0,25,110,0.887097,0.341299,38.245715,14,11
0,26,113,0.911290,0.399143,38.774225,11,8
0,27,108,0.870968,0.349539,37.632663,16,11
0,28,111,0.895161,0.220666,38.447429,13,11
0,29,107,0.862903,0.214403,35.963909,17,12
0,30,110,0.887097,0.334707,38.140903,14,9
0,31,116,0.935484,0.435069,39.783454,8,6
0,32,110,0.887097,0.230224,38.236816,14,11
0,33,115,0.927419,0.397165,39.480554,9,6
0,34,112,0.903226,0.350692,38.998022,12,8
0,35,114,0.919355,0.435069,39.109097,10,7
0,36,115,0.927419,0.520105,39.946770,9,7
0,37,115,0.927419,0.408207,39.979071,9,6
0,38,112,0.903226,0.528016,38.820699,12,9
0,39,114,0.919355,0.465887,39.449077,10,8
0,40,110,0.887097,0.444298,38.019446,14,10
0,41,107,0.862903,0.118326,36.747858,17,12
0,42,114,0.919355,0.444298,39.690013,10,8
0,43,110,0.887097,0.444298,38.411668,14,10
0,44,106,0.854839,0.341299,36.690508,18,18
0,45,109,0.879032,0.158207,37.651450,15,10
0,46,107,0.862903,0.214403,36.615030,17,14
0,47,110,0.887097,0.334707,37.536091,14,10
0,48,116,0.935484,0.442156,40.174192,8,7
0,49,116,0.935484,0.434740,39.990606,8,6
0,50,114,0.919355,0.568886,40.095583,10,7
0,51,110,0.887097,0.343606,37.035432,14,9
0,52,113,0.911290,0.088003,39.147330,11,7
0,53,109,0.879032,0.254285,37.558174,15,8
0,54,110,0.887097,0.158207,37.338167,14,13
0,55,115,0.927419,0.435069,38.828279,9,8
0,56,115,0.927419,0.444298,39.405900,9,7
0,57,111,0.895161,0.361569,38.947594,13,7
0,58,115,0.927419,0.339321,39.283619,9,7
0,59,108,0.870968,0.176994,36.895023,16,12
0,60,111,0.895161,0.220666,37.945781,13,8
0,61,108,0.870968,0.406724,37.358438,16,12
0,62,106,0.854839,0.216381,36.926335,18,10
0,63,104,0.838710,0.216381,36.553560,20,12
0,64,115,0.927419,0.444298,39.254120,9,7
0,65,117,0.943548,0.555702,39.837014,7,7
0,66,111,0.895161,0.540870,37.932103,13,7
0,67,112,0.903226,0.239288,38.182268,12,9
0,68,113,0.911290,0.265491,38.883652,11,7
0,69,113,0.911290,0.649143,38.771424,11,7
0,70,110,0.887097,0.162821,38.214568,14,10
0,71,107,0.862903,0.145188,37.195287,17,14
0,72,113,0.911290,0.204845,39.189354,11,6
0,73,114,0.919355,0.214403,39.210119,10,6
0,74,105,0.846774,0.406724,36.809492,19,15
0,75,110,0.887097,0.321688,37.996539,14,8
0,76,111,0.895161,0.392881,38.669908,13,9
0,77,117,0.943548,0.520105,40.336684,7,6
0,78,115,0.927419,0.555702,39.419249,9,7
0,79,107,0.862903,0.204845,36.657548,17,13
0,80,112,0.903226,0.246704,38.676005,12,9
0,81,116,0.935484,0.564931,39.402439,8,6
0,82,114,0.919355,0.385135,39.158207,10,8
0,83,111,0.895161,0.446111,38.924852,13,11
0,84,107,0.862903,0.099868,36.468688,17,12
0,85,108,0.870968,0.251978,36.681938,16,14
0,86,111,0.895161,0.356131,38.352835,13,8
0,87,112,0.903226,0.448583,38.449242,12,8
0,88,117,0.943548,0.418589,39.917601,7,4
0,89,109,0.879032,0.107119,37.701549,15,9
0,90,111,0.895161,0.321688,38.087343,13,12
0,91,112,0.903226,0.271589,38.579598,12,8
0,92,112,0.903226,0.234015,38.542848,12,8
0,93,113,0.911290,0.346572,38.967205,11,8
0,94,120,0.967742,0.656394,41.141397,4,3
0,95,111,0.895161,0.291859,37.652769,13,6
0,96,108,0.870968,0.309163,37.501648,16,10
0,97,111,0.895161,0.079268,38.632004,13,7
0,98,110,0.887097,0.424028,38.391068,14,9
0,99,113,0.911290,0.444298,38.943309,11,8
0,100,118,0.951613,0.785597,40.816414,6,6
0,101,113,0.911290,0.335036,38.322017,11,7
0,102,110,0.887097,0.338991,38.406394,14,11
0,103,113,0.911290,0.388431,39.184410,11,7
0,104,109,0.879032,0.214239,36.462096,15,10
0,105,115,0.927419,0.378873,39.275709,9,7
0,106,112,0.903226,0.259723,38.954845,12,8
0,107,115,0.927419,0.444298,39.366513,9,6
0,108,116,0.935484,0.665293,40.499506,8,5
0,109,110,0.887097,0.341463,37.247693,14,9
0,110,112,0.903226,0.479895,39.040705,12,9
0,111,116,0.935484,0.309163,39.287739,8,6
0,112,110,0.887097,0.218688,37.386783,14,8
0,113,111,0.895161,0.337014,38.264832,13,7
0,114,110,0.887097,0.148978,37.999341,14,10
0,115,113,0.911290,0.406724,38.715557,11,9
0,116,109,0.879032,0.243738,38.442320,15,9
0,117,113,0.911290,0.406724,38.896671,11,9
0,118,109,0.879032,0.461931,37.908372,15,11
0,119,114,0.919355,0.444298,39.624258,10,6
0,120,114,0.919355,0.216381,39.115030,10,7
0,121,112,0.903226,0.555702,37.070864,12,9
0,122,112,0.903226,0.337014,38.660185,12,8
0,123,109,0.879032,0.337014,38.091958,15,13
0,124,103,0.830645,0.109591,35.813448,21,19
1,0,115,0.927419,0.361569,39.302241,9,7
1,1,108,0.870968,0.197100,37.024885,16,12
1,2,115,0.927419,0.444298,39.414305,9,5
1,3,112,0.903226,0.148978,38.504450,12,10
1,4,103,0.830645,0.214403,35.094100,21,16
1,5,112,0.903226,0.444298,39.225115,12,8
1,6,110,0.887097,0.350857,37.909525,14,10
1,7,108,0.870968,0.214403,37.129862,16,11
1,8,117,0.943548,0.504779,40.560152,7,5
1,9,116,0.935484,0.341463,39.879202,8,6
1,10,112,0.903226,0.371127,39.191661,12,8
1,11,112,0.903226,0.371127,39.564436,12,8
1,12,112,0.903226,0.416282,38.616678,12,10
1,13,111,0.895161,0.305702,38.167436,13,7
1,14,109,0.879032,0.323006,37.590475,15,13
1,15,112,0.903226,0.416282,38.673204,12,10
1,16,108,0.870968,0.321523,37.572512,16,14
1,17,111,0.895161,0.148978,37.671061,13,8
1,18,107,0.862903,0.376895,36.783454,17,15
1,19,106,0.854839,0.102999,35.565755,18,11
1,20,109,0.879032,0.386454,37.827291,15,11
1,21,112,0.903226,0.209130,38.796803,12,9
1,22,108,0.870968,0.216381,37.186882,16,12
1,23,107,0.862903,0.321688,37.168425,17,13
1,24,108,0.870968,0.337014,37.264667,16,16
1,25,110,0.887097,0.341299,38.245715,14,11
1,26,113,0.911290,0.399143,38.774225,11,8
1,27,108,0.870968,0.349539,37.632663,16,11
1,28,111,0.895161,0.220666,38.447429,13,11
1,29,107,0.862903,0.214403,35.963909,17,12
1,30,110,0.887097,0.334707,37.936058,14,9
1,31,116,0.935484,0.435069,39.783454,8,6
1,32,110,0.887097,0.230224,38.236816,14,11
1,33,115,0.927419,0.397165,39.480554,9,6
1,34,112,0.903226,0.350692,38.998022,12,8
1,35,114,0.919355,0.435069,39.109097,10,7
1,36,115,0.927419,0.520105,39.946770,9,7
1,37,115,0.927419,0.408207,39.979071,9,6
1,38,112,0.903226,0.528016,38.820699,12,9
1,39,114,0.919355,0.465887,39.449077,10,8
1,40,110,0.887097,0.444298,38.019446,14,10
1,41,107,0.862903,0.118326,36.747858,17,12
1,42,114,0.919355,0.444298,39.485168,10,8
1,43,110,0.887097,0.444298,38.411668,14,10
1,44,106,0.854839,0.341299,36.690508,18,18
1,45,109,0.879032,0.158207,37.651450,15,10
1,46,107,0.862903,0.214403,36.615030,17,14
1,47,110,0.887097,0.334707,37.536091,14,10
1,48,116,0.935484,0.442156,40.174192,8,7
1,49,116,0.935484,0.434740,39.990606,8,6
1,50,114,0.919355,0.568886,40.095583,10,7
1,51,110,0.887097,0.343606,37.240277,14,9
1,52,113,0.911290,0.088003,39.147330,11,7
1,53,109,0.879032,0.254285,37.558174,15,8
1,54,110,0.887097,0.158207,37.338167,14,13
1,55,115,0.927419,0.435069,38.828279,9,8
1,56,115,0.927419,0.444298,39.405900,9,7
1,57,111,0.895161,0.361569,38.742749,13,7
1,58,115,0.927419,0.339321,39.283619,9,7
1,59,108,0.870968,0.176994,36.895023,16,12
1,60,111,0.895161,0.220666,37.945781,13,8
1,61,108,0.870968,0.406724,37.358438,16,12
1,62,106,0.854839,0.216381,36.721490,18,10
1,63,104,0.838710,0.216381,36.553560,20,12
1,64,115,0.927419,0.444298,39.254120,9,7
1,65,117,0.943548,0.555702,39.837014,7,7
1,66,111,0.895161,0.540870,38.136948,13,7
1,67,112,0.903226,0.239288,38.182268,12,9
1,68,113,0.911290,0.265491,38.883652,11,7
1,69,113,0.911290,0.444298,38.771424,11,8
1,70,110,0.887097,0.162821,38.214568,14,10
1,71,107,0.862903,0.145188,37.195287,17,14
1,72,113,0.911290,0.204845,39.394199,11,6
1,73,114,0.919355,0.214403,39.210119,10,6
1,74,105,0.846774,0.406724,36.809492,19,15
1,75,110,0.887097,0.321688,37.996539,14,8
1,76,111,0.895161,0.392881,38.669908,13,9
1,77,117,0.943548,0.520105,40.336684,7,6
1,78,115,0.927419,0.555702,39.419249,9,7
1,79,107,0.862903,0.204845,36.657548,17,13
1,80,112,0.903226,0.246704,38.676005,12,9
1,81,116,0.935484,0.564931,39.402439,8,6
1,82,114,0.919355,0.385135,39.158207,10,8
1,83,111,0.895161,0.446111,38.924852,13,11
1,84,107,0.862903,0.099868,36.468688,17,12
1,85,108,0.870968,0.251978,36.681938,16,14
1,86,111,0.895161,0.356131,38.352835,13,8
1,87,112,0.903226,0.448583,38.449242,12,8
1,88,117,0.943548,0.418589,39.917601,7,4
1,89,109,0.879032,0.107119,37.701549,15,9
1,90,111,0.895161,0.321688,38.087343,13,12
1,91,112,0.903226,0.271589,38.579598,12,8
1,92,112,0.903226,0.234015,38.542848,12,8
1,93,113,0.911290,0.346572,38.967205,11,8
1,94,120,0.967742,0.656394,41.141397,4,3
1,95,111,0.895161,0.291859,37.652769,13,6
1,96,108,0.870968,0.309163,37.501648,16,10
1,97,111,0.895161,0.284113,38.632004,13,7
1,98,110,0.887097,0.424028,38.391068,14,9
1,99,113,0.911290,0.444298,38.738464,11,8
1,100,118,0.951613,0.785597,40.816414,6,6
1,101,113,0.911290,0.335036,38.322017,11,7
1,102,110,0.887097,0.338991,38.406394,14,11
1,103,113,0.911290,0.388431,39.184410,11,7
1,104,109,0.879032,0.214239,36.257251,15,10
1,105,115,0.927419,0.378873,39.275709,9,7
1,106,112,0.903226,0.259723,38.954845,12,8
1,107,115,0.927419,0.444298,39.366513,9,6
1,108,116,0.935484,0.665293,40.499506,8,5
1,109,110,0.887097,0.341463,37.247693,14,9
1,110,112,0.903226,0.479895,39.040705,12,9
1,111,116,0.935484,0.309163,39.492584,8,6
1,112,110,0.887097,0.218688,37.386783,14,8
1,113,111,0.895161,0.337014,38.264832,13,7
1,114,110,0.887097,0.148978,37.999341,14,10
1,115,113,0.911290,0.406724,38.715557,11,9
1,116,109,0.879032,0.243738,38.237475,15,9
1,117,113,0.911290,0.406724,38.896671,11,9
1,118,109,0.879032,0.461931,37.908372,15,11
1,119,114,0.919355,0.444298,39.624258,10,6
1,120,114,0.919355,0.216381,39.115030,10,7
1,121,112,0.903226,0.555702,37.275709,12,10
1,122,112,0.903226,0.337014,38.660185,12,8
1,123,109,0.879032,0.337014,38.091958,15,13
1,124,103,0.830645,0.109591,35.813448,21,19
2,0,115,0.927419,0.350434,39.428107,9,7
2,1,108,0.870968,0.194725,37.056358,16,12
2,2,115,0.927419,0.436777,39.519147,9,5
2,3,112,0.903226,0.194725,38.448338,12,10
2,4,103,0.830645,0.213873,35.204118,21,16
2,5,112,0.903226,0.422327,39.092486,12,8
2,6,110,0.887097,0.350795,37.827673,14,10
2,7,108,0.870968,0.249277,37.215679,16,11
2,8,117,0.943548,0.483743,40.472905,7,5
2,9,116,0.935484,0.370303,39.982659,8,6
2,10,112,0.903226,0.372832,39.067558,12,8
2,11,112,0.903226,0.372832,39.503974,12,8
2,12,112,0.903226,0.396315,38.722905,12,10
2,13,111,0.895161,0.289740,38.199783,13,7
2,14,109,0.879032,0.344292,37.682803,15,13
2,15,112,0.903226,0.396315,38.600795,12,10
2,16,108,0.870968,0.311055,37.444003,16,14
2,17,111,0.895161,0.168353,37.769870,13,8
2,18,107,0.862903,0.400289,36.855130,17,15
2,19,106,0.854839,0.072977,35.623916,18,11
2,20,109,0.879032,0.361272,37.730491,15,11
2,21,112,0.903226,0.224350,38.790101,12,9
2,22,108,0.870968,0.216402,37.176662,16,12
2,23,107,0.862903,0.317558,37.144509,17,13
2,24,108,0.870968,0.318642,37.144870,16,16
2,25,110,0.887097,0.363801,38.166185,14,11
2,26,113,0.911290,0.378974,38.750000,11,8
2,27,108,0.870968,0.344292,37.700145,16,11
2,28,111,0.895161,0.313945,38.459899,13,11
2,29,107,0.862903,0.249277,36.032876,17,12
2,30,110,0.887097,0.332370,37.885838,14,9
2,31,116,0.935484,0.447254,39.831647,8,6
2,32,110,0.887097,0.220376,38.113801,14,11
2,33,115,0.927419,0.422327,39.427023,9,6
2,34,112,0.903226,0.345376,38.936416,12,8
2,35,114,0.919355,0.433887,39.103324,10,7
2,36,115,0.927419,0.530708,39.856936,9,7
2,37,115,0.927419,0.429191,39.977240,9,6
2,38,112,0.903226,0.460983,38.657153,12,9
2,39,114,0.919355,0.486633,39.352962,10,8
2,40,110,0.887097,0.436777,37.933526,14,10
2,41,107,0.862903,0.115968,36.731936,17,12
2,42,114,0.919355,0.506142,39.618136,10,8
2,43,110,0.887097,0.422327,38.432081,14,10
2,44,106,0.854839,0.363801,36.709538,18,18
2,45,109,0.879032,0.143425,37.610910,15,10
2,46,107,0.862903,0.249277,36.693642,17,14
2,47,110,0.887097,0.317558,37.441474,14,10
2,48,116,0.935484,0.427746,40.229769,8,7
2,49,116,0.935484,0.399928,39.913295,8,6
2,50,114,0.919355,0.559610,39.993497,10,7
2,51,110,0.887097,0.364884,37.397038,14,9
2,52,113,0.911290,0.100795,39.068280,11,7
2,53,109,0.879032,0.282153,37.535043,15,8
2,54,110,0.887097,0.197616,37.340318,14,13
2,55,115,0.927419,0.447254,38.822977,9,8
2,56,115,0.927419,0.422327,39.357659,9,7
2,57,111,0.895161,0.350434,38.767702,13,7
2,58,115,0.927419,0.361272,39.312139,9,7
2,59,108,0.870968,0.235188,36.840318,16,12
2,60,111,0.895161,0.197977,37.899928,13,9
2,61,108,0.870968,0.368497,37.026373,16,12
2,62,106,0.854839,0.216402,36.609465,18,10
2,63,104,0.838710,0.216402,36.496026,20,12
2,64,115,0.927419,0.436777,39.209176,9,7
2,65,117,0.943548,0.577673,39.869942,7,7
2,66,111,0.895161,0.526373,38.194725,13,7
2,67,112,0.903226,0.270592,38.258671,12,9
2,68,113,0.911290,0.220014,38.879697,11,7
2,69,113,0.911290,0.436777,38.709176,11,8
2,70,110,0.887097,0.252890,38.286850,14,10
2,71,107,0.862903,0.182081,37.074061,17,14
2,72,113,0.911290,0.226879,39.461705,11,6
2,73,114,0.919355,0.249277,39.177384,10,6
2,74,105,0.846774,0.409321,36.609104,19,15
2,75,110,0.887097,0.317558,37.945809,14,8
2,76,111,0.895161,0.324783,38.444725,13,9
2,77,117,0.943548,0.539017,40.307081,7,6
2,78,115,0.927419,0.563223,39.418353,9,7
2,79,107,0.862903,0.226879,36.619942,17,13
2,80,112,0.903226,0.285043,38.647760,12,9
2,81,116,0.935484,0.552746,39.441835,8,7
2,82,114,0.919355,0.345014,39.168714,10,8
2,83,111,0.895161,0.364523,38.733382,13,11
2,84,107,0.862903,0.077673,36.373555,17,12
2,85,108,0.870968,0.226879,36.608020,16,14
2,86,111,0.895161,0.375723,38.385838,13,8
2,87,112,0.903226,0.432081,38.399205,12,8
2,88,117,0.943548,0.397399,39.930997,7,4
2,89,109,0.879032,0.061777,37.509393,15,9
2,90,111,0.895161,0.317558,38.006503,13,12
2,91,112,0.903226,0.286127,38.673772,12,8
2,92,112,0.903226,0.245665,38.505058,12,8
2,93,113,0.911290,0.338873,38.916185,11,8
2,94,120,0.967742,0.635116,41.084899,4,3
2,95,111,0.895161,0.310694,37.619220,13,6
2,96,108,0.870968,0.286127,37.350795,16,10
2,97,111,0.895161,0.277095,38.583815,13,7
2,98,110,0.887097,0.400289,38.412211,14,9
2,99,113,0.911290,0.422327,38.615968,11,8
2,100,118,0.951613,0.750723,40.767702,6,6
2,101,113,0.911290,0.249277,38.362717,11,8
2,102,110,0.887097,0.349350,38.352962,14,11
2,103,113,0.911290,0.363801,39.117413,11,7
2,104,109,0.879032,0.207370,36.251806,15,10
2,105,115,0.927419,0.376806,39.265535,9,7
2,106,112,0.903226,0.285043,38.933887,12,8
2,107,115,0.927419,0.436777,39.240246,9,6
2,108,116,0.935484,0.667630,40.567558,8,5
2,109,110,0.887097,0.355853,37.170882,14,9
2,110,112,0.903226,0.460983,38.908237,12,9
2,111,116,0.935484,0.291908,39.516257,8,6
2,112,110,0.887097,0.244581,37.501806,14,8
2,113,111,0.895161,0.318642,38.273483,13,7
2,114,110,0.887097,0.168353,38.013367,14,10
2,115,113,0.911290,0.368497,38.673410,11,9
2,116,109,0.879032,0.287211,38.150289,15,9
2,117,113,0.911290,0.409321,38.940751,11,9
2,118,109,0.879032,0.493136,37.897038,15,11
2,119,114,0.919355,0.436777,39.640896,10,6
2,120,114,0.919355,0.216402,39.040101,10,7
2,121,112,0.903226,0.563223,37.363439,12,10
2,122,112,0.903226,0.318642,38.614523,12,8
2,123,109,0.879032,0.318642,38.010116,15,13
2,124,103,0.830645,0.129335,35.729046,21,19
3,0,115,0.927419,0.358213,39.121014,9,7
3,1,108,0.870968,0.249517,37.254831,16,12
3,2,115,0.927419,0.459420,39.506763,9,5
3,3,112,0.903226,0.174638,38.464493,12,10
3,4,103,0.830645,0.218357,34.912802,21,16
3,5,112,0.903226,0.446618,39.039130,12,8
3,6,110,0.887097,0.341304,37.734058,14,10
3,7,108,0.870968,0.237923,37.076812,16,11
3,8,117,0.943548,0.578261,40.496860,7,5
3,9,116,0.935484,0.329952,39.890097,8,6
3,10,112,0.903226,0.384058,39.112802,12,8
3,11,112,0.903226,0.363285,39.538164,12,8
3,12,112,0.903226,0.370290,38.464734,12,10
3,13,111,0.895161,0.360145,38.125362,13,7
3,14,109,0.879032,0.291063,37.543961,15,13
3,15,112,0.903226,0.428019,38.685266,12,10
3,16,108,0.870968,0.340097,37.613768,16,14
3,17,111,0.895161,0.131643,37.879469,13,8
3,18,107,0.862903,0.367633,36.783575,17,15
3,19,106,0.854839,0.129469,35.587923,18,11
3,20,109,0.879032,0.333575,37.617874,15,11
3,21,112,0.903226,0.215700,38.602174,12,9
3,22,108,0.870968,0.256039,37.399275,16,12
3,23,107,0.862903,0.340097,37.202899,17,13
3,24,108,0.870968,0.329952,37.265459,16,16
3,25,110,0.887097,0.329952,38.159903,14,11
3,26,113,0.911290,0.363285,38.793720,11,8
3,27,108,0.870968,0.343720,37.499275,16,11
3,28,111,0.895161,0.252415,38.295894,13,11
3,29,107,0.862903,0.237923,36.106039,17,12
3,30,110,0.887097,0.310145,37.800242,14,9
3,31,116,0.935484,0.486473,39.775845,8,6
3,32,110,0.887097,0.203382,38.112802,14,11
3,33,115,0.927419,0.410386,39.545894,9,6
3,34,112,0.903226,0.290097,38.876087,12,8
3,35,114,0.919355,0.486473,39.168357,10,7
3,36,115,0.927419,0.598068,39.962802,9,7
3,37,115,0.927419,0.438406,40.013768,9,6
3,38,112,0.903226,0.534300,38.684300,12,9
3,39,114,0.919355,0.420531,39.288647,10,8
3,40,110,0.887097,0.403623,37.944444,14,10
3,41,107,0.862903,0.054106,36.474155,17,12
3,42,114,0.919355,0.465700,39.563768,10,8
3,43,110,0.887097,0.446618,38.497585,14,10
3,44,106,0.854839,0.329952,36.607005,18,18
3,45,109,0.879032,0.091787,37.389614,15,10
3,46,107,0.862903,0.237923,36.745652,17,14
3,47,110,0.887097,0.340097,37.732609,14,10
3,48,116,0.935484,0.426812,40.246618,8,7
3,49,116,0.935484,0.420773,40.102415,8,6
3,50,114,0.919355,0.550000,40.073671,10,7
3,51,110,0.887097,0.349758,37.159903,14,9
3,52,113,0.911290,0.069565,39.238164,11,8
3,53,109,0.879032,0.256039,37.494686,15,8
3,54,110,0.887097,0.091787,37.277778,14,13
3,55,115,0.927419,0.486473,38.887198,9,8
3,56,115,0.927419,0.446618,39.445169,9,7
3,57,111,0.895161,0.358213,38.730918,13,7
3,58,115,0.927419,0.297343,39.294928,9,7
3,59,108,0.870968,0.207971,36.865700,16,12
3,60,111,0.895161,0.198309,37.898551,13,9
3,61,108,0.870968,0.421739,37.310145,16,12
3,62,106,0.854839,0.256039,36.568116,18,10
3,63,104,0.838710,0.256039,36.553623,20,12
3,64,115,0.927419,0.459420,39.127536,9,7
3,65,117,0.943548,0.553382,39.811111,7,7
3,66,111,0.895161,0.546377,38.133575,13,8
3,67,112,0.903226,0.278502,38.201691,12,9
3,68,113,0.911290,0.164010,38.717391,11,7
3,69,113,0.911290,0.459420,38.689614,11,8
3,70,110,0.887097,0.139372,37.999034,14,10
3,71,107,0.862903,0.201932,37.301449,17,14
3,72,113,0.911290,0.212077,39.378261,11,6
3,73,114,0.919355,0.237923,39.049275,10,6
3,74,105,0.846774,0.421739,36.729952,19,15
3,75,110,0.887097,0.340097,38.052899,14,8
3,76,111,0.895161,0.414010,38.678744,13,9
3,77,117,0.943548,0.598068,40.501449,7,6
3,78,115,0.927419,0.540580,39.221256,9,7
3,79,107,0.862903,0.212077,36.502657,17,13
3,80,112,0.903226,0.242029,38.662077,12,9
3,81,116,0.935484,0.513527,39.291304,8,7
3,82,114,0.919355,0.447826,39.203865,10,8
3,83,111,0.895161,0.424396,38.736232,13,11
3,84,107,0.862903,0.177536,36.586957,17,12
3,85,108,0.870968,0.248309,36.618357,16,14
3,86,111,0.895161,0.363527,38.233816,13,8
3,87,112,0.903226,0.432126,38.314976,12,8
3,88,117,0.943548,0.417874,39.828502,7,4
3,89,109,0.879032,0.102174,37.668841,15,9
3,90,111,0.895161,0.310145,37.884541,13,12
3,91,112,0.903226,0.238164,38.438164,12,8
3,92,112,0.903226,0.200483,38.423671,12,8
3,93,113,0.911290,0.380676,38.969324,11,8
3,94,120,0.967742,0.587923,41.118116,4,3
3,95,111,0.895161,0.261111,37.637681,13,6
3,96,108,0.870968,0.326329,37.503865,16,10
3,97,111,0.895161,0.302415,38.473671,13,7
3,98,110,0.887097,0.403865,38.320531,14,9
3,99,113,0.911290,0.446618,38.787923,11,8
3,100,118,0.951613,0.762077,40.681884,6,6
3,101,113,0.911290,0.288164,38.332126,11,8
3,102,110,0.887097,0.322222,38.243237,14,11
3,103,113,0.911290,0.366184,39.247343,11,7
3,104,109,0.879032,0.223430,36.155314,15,10
3,105,115,0.927419,0.359903,39.232850,9,7
3,106,112,0.903226,0.242029,38.871014,12,8
3,107,115,0.927419,0.459420,39.329710,9,6
3,108,116,0.935484,0.689855,40.306039,8,5
3,109,110,0.887097,0.317150,37.134541,14,9
3,110,112,0.903226,0.401932,38.650966,12,9
3,111,116,0.935484,0.326329,39.513285,8,6
3,112,110,0.887097,0.210628,37.394203,14,8
3,113,111,0.895161,0.329952,38.373188,13,7
3,114,110,0.887097,0.131643,37.944444,14,10
3,115,113,0.911290,0.421739,38.767391,11,9
3,116,109,0.879032,0.234541,38.073913,15,9
3,117,113,0.911290,0.421739,38.839855,11,9
3,118,109,0.879032,0.384058,37.695652,15,12
3,119,114,0.919355,0.459420,39.767633,10,6
3,120,114,0.919355,0.256039,39.048309,10,7
3,121,112,0.903226,0.540580,37.270048,12,10
3,122,112,0.903226,0.329952,38.460386,12,8
3,123,109,0.879032,0.329952,38.221498,15,13
3,124,103,0.830645,0.109903,35.564493,21,19
4,0,115,0.927419,0.362847,39.136295,9,7
4,1,108,0.870968,0.240206,37.242985,16,12
4,2,115,0.927419,0.463122,39.501818,9,5
4,3,112,0.903226,0.168988,38.469125,12,10
4,4,103,0.830645,0.221715,34.919417,21,16
4,5,112,0.903226,0.437358,39.065969,12,8
4,6,110,0.887097,0.358148,37.771252,14,10
4,7,108,0.870968,0.236123,37.056878,16,11
4,8,117,0.943548,0.576810,40.500309,7,5
4,9,116,0.935484,0.331870,39.898662,8,6
4,10,112,0.903226,0.382196,39.142847,12,8
4,11,112,0.903226,0.368645,39.556707,12,8
4,12,112,0.903226,0.381990,38.473825,12,10
4,13,111,0.895161,0.360823,38.132316,13,7
4,14,109,0.879032,0.294134,37.559074,15,13
4,15,112,0.903226,0.439348,38.695403,12,10
4,16,108,0.870968,0.336261,37.594305,16,14
4,17,111,0.895161,0.134717,37.857873,13,8
4,18,107,0.862903,0.371801,36.764151,17,15
4,19,106,0.854839,0.131252,35.571767,18,11
4,20,109,0.879032,0.341441,37.623842,15,11
4,21,112,0.903226,0.222470,38.605832,12,9
4,22,108,0.870968,0.262710,37.404151,16,12
4,23,107,0.862903,0.336261,37.173036,17,13
4,24,108,0.870968,0.331870,37.251630,16,16
4,25,110,0.887097,0.331870,38.204425,14,11
4,26,113,0.911290,0.368645,38.787547,11,8
4,27,108,0.870968,0.354031,37.505077,16,11
4,28,111,0.895161,0.244940,38.281372,13,11
4,29,107,0.862903,0.233756,36.070223,17,12
4,30,110,0.887097,0.314099,37.843156,14,9
4,31,116,0.935484,0.485489,39.761063,8,6
4,32,110,0.887097,0.200412,38.084528,14,11
4,33,115,0.927419,0.395849,39.550669,9,6
4,34,112,0.903226,0.289537,38.882161,12,8
4,35,114,0.919355,0.486552,39.163156,10,7
4,36,115,0.927419,0.588268,39.949160,9,7
4,37,115,0.927419,0.436741,40.006244,9,6
4,38,112,0.903226,0.536878,38.677599,12,9
4,39,114,0.919355,0.427925,39.317804,10,8
4,40,110,0.887097,0.408885,37.982504,14,10
4,41,107,0.862903,0.051389,36.475437,17,12
4,42,114,0.919355,0.463122,39.554271,10,8
4,43,110,0.887097,0.443156,38.478491,14,10
4,44,106,0.854839,0.331870,36.614923,18,18
4,45,109,0.879032,0.091321,37.420034,15,10
4,46,107,0.862903,0.233756,36.734889,17,14
4,47,110,0.887097,0.336261,37.665935,14,10
4,48,116,0.935484,0.425386,40.242916,8,7
4,49,116,0.935484,0.405729,40.085077,8,6
4,50,114,0.919355,0.559177,40.105866,10,7
4,51,110,0.887097,0.349640,37.133619,14,9
4,52,113,0.911290,0.076398,39.245283,11,8
4,53,109,0.879032,0.262710,37.515815,15,8
4,54,110,0.887097,0.091321,37.261887,14,13
4,55,115,0.927419,0.486552,38.873482,9,8
4,56,115,0.927419,0.437358,39.415540,9,7
4,57,111,0.895161,0.362847,38.742367,13,7
4,58,115,0.927419,0.294134,39.288576,9,7
4,59,108,0.870968,0.195883,36.878079,16,12
4,60,111,0.895161,0.194614,37.925660,13,9
4,61,108,0.870968,0.422127,37.310669,16,12
4,62,106,0.854839,0.262710,36.595197,18,10
4,63,104,0.838710,0.262710,36.566758,20,12
4,64,115,0.927419,0.463122,39.116055,9,7
4,65,117,0.943548,0.556844,39.811595,7,7
4,66,111,0.895161,0.541407,38.117050,13,8
4,67,112,0.903226,0.268508,38.206449,12,9
4,68,113,0.911290,0.177976,38.714271,11,7
4,69,113,0.911290,0.463122,38.700823,11,8
4,70,110,0.887097,0.149022,38.028130,14,10
4,71,107,0.862903,0.204185,37.298868,17,14
4,72,113,0.911290,0.204494,39.371664,11,6
4,73,114,0.919355,0.233756,39.068679,10,6
4,74,105,0.846774,0.422127,36.728988,19,15
4,75,110,0.887097,0.336261,38.033756,14,8
4,76,111,0.895161,0.413619,38.670909,13,9
4,77,117,0.943548,0.594580,40.504357,7,6
4,78,115,0.927419,0.536878,39.210875,9,7
4,79,107,0.862903,0.204494,36.506621,17,13
4,80,112,0.903226,0.228782,38.651046,12,9
4,81,116,0.935484,0.513448,39.307993,8,7
4,82,114,0.919355,0.437358,39.155952,10,8
4,83,111,0.895161,0.432316,38.789194,13,11
4,84,107,0.862903,0.181063,36.584803,17,12
4,85,108,0.870968,0.246003,36.605077,16,14
4,86,111,0.895161,0.371801,38.261715,13,8
4,87,112,0.903226,0.434374,38.359108,12,8
4,88,117,0.943548,0.434957,39.856913,7,4
4,89,109,0.879032,0.102504,37.673310,15,9
4,90,111,0.895161,0.314099,37.916672,13,12
4,91,112,0.903226,0.241612,38.417050,12,8
4,92,112,0.903226,0.200617,38.441818,12,8
4,93,113,0.911290,0.368645,38.946758,11,8
4,94,120,0.967742,0.595094,41.109914,4,3
4,95,111,0.895161,0.268508,37.617633,13,6
4,96,108,0.870968,0.314099,37.482504,16,11
4,97,111,0.895161,0.295266,38.471492,13,7
4,98,110,0.887097,0.401029,38.309331,14,9
4,99,113,0.911290,0.443156,38.739451,11,8
4,100,118,0.951613,0.766244,40.682607,6,6
4,101,113,0.911290,0.291938,38.318250,11,8
4,102,110,0.887097,0.315163,38.212590,14,11
4,103,113,0.911290,0.373379,39.254134,11,7
4,104,109,0.879032,0.224974,36.169949,15,10
4,105,115,0.927419,0.356158,39.228268,9,7
4,106,112,0.903226,0.228782,38.866141,12,8
4,107,115,0.927419,0.463122,39.344288,9,6
4,108,116,0.935484,0.685901,40.299863,8,6
4,109,110,0.887097,0.311904,37.170257,14,9
4,110,112,0.903226,0.405420,38.658937,12,9
4,111,116,0.935484,0.314099,39.480137,8,6
4,112,110,0.887097,0.205009,37.378456,14,8
4,113,111,0.895161,0.331870,38.362470,13,7
4,114,110,0.887097,0.134717,37.931046,14,10
4,115,113,0.911290,0.422127,38.772487,11,9
4,116,109,0.879032,0.223842,38.039931,15,9
4,117,113,0.911290,0.422127,38.848233,11,9
4,118,109,0.879032,0.382196,37.718113,15,12
4,119,114,0.919355,0.463122,39.765214,10,6
4,120,114,0.919355,0.268508,39.046690,10,7
4,121,112,0.903226,0.536878,37.225386,12,10
4,122,112,0.903226,0.331870,38.421818,12,8
4,123,109,0.879032,0.331870,38.216226,15,13
4,124,103,0.830645,0.104563,35.548576,21,19
5,0,115,0.927419,0.366174,39.132856,9,7
5,1,108,0.870968,0.260487,37.246903,16,12
5,2,115,0.927419,0.452903,39.510673,9,5
5,3,112,0.903226,0.175549,38.471563,12,10
5,4,103,0.830645,0.227347,34.952530,21,16
5,5,112,0.903226,0.446485,39.068816,12,8
5,6,110,0.887097,0.335572,37.707867,14,10
5,7,108,0.870968,0.241827,37.082251,16,11
5,8,117,0.943548,0.576952,40.514256,7,5
5,9,116,0.935484,0.326168,39.885655,8,6
5,10,112,0.903226,0.390058,39.129273,12,8
5,11,112,0.903226,0.366174,39.511569,12,8
5,12,112,0.903226,0.364831,38.469175,12,10
5,13,111,0.895161,0.359755,38.102254,13,7
5,14,109,0.879032,0.286610,37.539633,15,13
5,15,112,0.903226,0.429318,38.674429,12,10
5,16,108,0.870968,0.347664,37.620690,16,14
5,17,111,0.895161,0.133602,37.905807,13,8
5,18,107,0.862903,0.359158,36.753247,17,15
5,19,106,0.854839,0.126735,35.599642,18,11
5,20,109,0.879032,0.327959,37.605464,15,12
5,21,112,0.903226,0.221973,38.624272,12,9
5,22,108,0.870968,0.258397,37.408419,16,12
5,23,107,0.862903,0.347664,37.219734,17,13
5,24,108,0.870968,0.326168,37.251381,16,16
5,25,110,0.887097,0.326168,38.134647,14,11
5,26,113,0.911290,0.366174,38.787879,11,8
5,27,108,0.870968,0.351545,37.508285,16,11
5,28,111,0.895161,0.258397,38.281535,13,11
5,29,107,0.862903,0.241827,36.074190,17,12
5,30,110,0.887097,0.322287,37.769219,14,9
5,31,116,0.935484,0.483206,39.761457,8,6
5,32,110,0.887097,0.194507,38.085535,14,11
5,33,115,0.927419,0.413644,39.537543,9,6
5,34,112,0.903226,0.289446,38.855949,12,8
5,35,114,0.919355,0.483206,39.164950,10,7
5,36,115,0.927419,0.601582,39.964771,9,7
5,37,115,0.927419,0.439319,40.000597,9,6
5,38,112,0.903226,0.537841,38.697119,12,9
5,39,114,0.919355,0.413345,39.289446,10,8
5,40,110,0.887097,0.404538,37.925810,14,10
5,41,107,0.862903,0.063890,36.479475,17,12
5,42,114,0.919355,0.462159,39.543663,10,8
5,43,110,0.887097,0.446485,38.462606,14,10
5,44,106,0.854839,0.326168,36.578295,18,18
5,45,109,0.879032,0.096880,37.392894,15,10
5,46,107,0.862903,0.241827,36.724735,17,14
5,47,110,0.887097,0.347664,37.727273,14,10
5,48,116,0.935484,0.421854,40.243320,8,7
5,49,116,0.935484,0.422600,40.093298,8,6
5,50,114,0.919355,0.540081,40.037170,10,7
5,51,110,0.887097,0.350799,37.154650,14,9
5,52,113,0.911290,0.073742,39.245708,11,8
5,53,109,0.879032,0.260337,37.512017,15,8
5,54,110,0.887097,0.096880,37.279445,14,13
5,55,115,0.927419,0.483206,38.911181,9,8
5,56,115,0.927419,0.446485,39.448425,9,7
5,57,111,0.895161,0.366174,38.725183,13,7
5,58,115,0.927419,0.293178,39.295567,9,7
5,59,108,0.870968,0.215256,36.876399,16,12
5,60,111,0.895161,0.194507,37.882371,13,9
5,61,108,0.870968,0.419913,37.274966,16,12
5,62,106,0.854839,0.258397,36.579489,18,10
5,63,104,0.838710,0.258397,36.542021,20,13
5,64,115,0.927419,0.452903,39.111509,9,7
5,65,117,0.943548,0.553515,39.819077,7,7
5,66,111,0.895161,0.536199,38.111360,13,8
5,67,112,0.903226,0.267652,38.190476,12,9
5,68,113,0.911290,0.156591,38.708912,11,7
5,69,113,0.911290,0.452903,38.688461,11,8
5,70,110,0.887097,0.139872,38.003583,14,10
5,71,107,0.862903,0.196298,37.292581,17,14
5,72,113,0.911290,0.217943,39.376922,11,6
5,73,114,0.919355,0.241827,39.049410,10,6
5,74,105,0.846774,0.419913,36.704284,19,15
5,75,110,0.887097,0.347664,38.071205,14,8
5,76,111,0.895161,0.413644,38.654277,13,10
5,77,117,0.943548,0.601582,40.511867,7,6
5,78,115,0.927419,0.547097,39.243171,9,7
5,79,107,0.862903,0.217943,36.526795,17,13
5,80,112,0.903226,0.244514,38.629348,12,9
5,81,116,0.935484,0.516794,39.296164,8,7
5,82,114,0.919355,0.453053,39.210778,10,8
5,83,111,0.895161,0.425586,38.714734,13,11
5,84,107,0.862903,0.170622,36.557994,17,12
5,85,108,0.870968,0.250784,36.645768,16,14
5,86,111,0.895161,0.355426,38.221526,13,8
5,87,112,0.903226,0.432005,38.332587,12,8
5,88,117,0.943548,0.407822,39.808927,7,4
5,89,109,0.879032,0.105837,37.685028,15,9
5,90,111,0.895161,0.301538,37.866846,13,12
5,91,112,0.903226,0.232423,38.430213,12,8
5,92,112,0.903226,0.199433,38.418719,12,8
5,93,113,0.911290,0.373489,38.941484,11,8
5,94,120,0.967742,0.600836,41.116286,4,3
5,95,111,0.895161,0.260337,37.634572,13,6
5,96,108,0.870968,0.322287,37.512912,16,11
5,97,111,0.895161,0.314674,38.435289,13,7
5,98,110,0.887097,0.391999,38.290939,14,9
5,99,113,0.911290,0.446485,38.759367,11,8
5,100,118,0.951613,0.758173,40.662338,6,6
5,101,113,0.911290,0.288700,38.349604,11,8
5,102,110,0.887097,0.319749,38.232572,14,11
5,103,113,0.911290,0.362144,39.233766,11,7
5,104,109,0.879032,0.227347,36.192268,15,10
5,105,115,0.927419,0.352739,39.238991,9,7
5,106,112,0.903226,0.244514,38.870279,12,8
5,107,115,0.927419,0.452903,39.316316,9,6
5,108,116,0.935484,0.677713,40.299746,8,6
5,109,110,0.887097,0.319749,37.107180,14,9
5,110,112,0.903226,0.398418,38.640842,12,9
5,111,116,0.935484,0.322287,39.525004,8,6
5,112,110,0.887097,0.220928,37.368861,14,8
5,113,111,0.895161,0.326168,38.357516,13,7
5,114,110,0.887097,0.133602,37.960591,14,10
5,115,113,0.911290,0.419913,38.765040,11,9
5,116,109,0.879032,0.228542,38.051649,15,9
5,117,113,0.911290,0.419913,38.821317,11,9
5,118,109,0.879032,0.390058,37.711599,15,12
5,119,114,0.919355,0.452903,39.753247,10,6
5,120,114,0.919355,0.260337,39.030602,10,7
5,121,112,0.903226,0.547097,37.312285,12,10
5,122,112,0.903226,0.326168,38.451261,12,8
5,123,109,0.879032,0.326168,38.190028,15,13
5,124,103,0.830645,0.112256,35.556949,21,19
6,0,115,0.927419,0.364261,39.128866,9,7
6,1,108,0.870968,0.245704,37.219931,16,12
6,2,115,0.927419,0.467354,39.524055,9,5
6,3,112,0.903226,0.173540,38.434708,12,10
6,4,103,0.830645,0.221649,34.915808,21,16
6,5,112,0.903226,0.443299,39.029210,12,8
6,6,110,0.887097,0.345361,37.742268,14,10
6,7,108,0.870968,0.237113,37.058419,16,11
6,8,117,0.943548,0.570447,40.479381,7,5
6,9,116,0.935484,0.333333,39.881443,8,6
6,10,112,0.903226,0.383162,39.121993,12,8
6,11,112,0.903226,0.359107,39.542955,12,8
6,12,112,0.903226,0.371134,38.479381,12,10
6,13,111,0.895161,0.350515,38.116838,13,7
6,14,109,0.879032,0.293814,37.546392,15,13
6,15,112,0.903226,0.431271,38.694158,12,11
6,16,108,0.870968,0.333333,37.580756,16,14
6,17,111,0.895161,0.135739,37.841924,13,8
6,18,107,0.862903,0.371134,36.792096,17,15
6,19,106,0.854839,0.134021,35.591065,18,11
6,20,109,0.879032,0.329897,37.599656,15,12
6,21,112,0.903226,0.221649,38.582474,12,9
6,22,108,0.870968,0.261168,37.395189,16,12
6,23,107,0.862903,0.333333,37.195876,17,13
6,24,108,0.870968,0.333333,37.233677,16,16
6,25,110,0.887097,0.333333,38.182131,14,11
6,26,113,0.911290,0.359107,38.780069,11,8
6,27,108,0.870968,0.347079,37.496564,16,11
6,28,111,0.895161,0.261168,38.300687,13,11
6,29,107,0.862903,0.233677,36.051546,17,12
6,30,110,0.887097,0.319588,37.860825,14,9
6,31,116,0.935484,0.474227,39.745704,8,6
6,32,110,0.887097,0.206186,38.087629,14,11
6,33,115,0.927419,0.408935,39.554983,9,6
6,34,112,0.903226,0.302405,38.884880,12,8
6,35,114,0.919355,0.482818,39.158076,10,7
6,36,115,0.927419,0.584192,39.927835,9,7
6,37,115,0.927419,0.429553,39.986254,9,6
6,38,112,0.903226,0.532646,38.671821,12,9
6,39,114,0.919355,0.420962,39.292096,10,8
6,40,110,0.887097,0.405498,37.982818,14,10
6,41,107,0.862903,0.058419,36.489691,17,12
6,42,114,0.919355,0.467354,39.560137,10,8
6,43,110,0.887097,0.443299,38.450172,14,10
6,44,106,0.854839,0.333333,36.621993,18,18
6,45,109,0.879032,0.096220,37.391753,15,10
6,46,107,0.862903,0.233677,36.709622,17,14
6,47,110,0.887097,0.333333,37.694158,14,11
6,48,116,0.935484,0.429553,40.233677,8,7
6,49,116,0.935484,0.417526,40.101375,8,6
6,50,114,0.919355,0.554983,40.089347,10,7
6,51,110,0.887097,0.347079,37.144330,14,9
6,52,113,0.911290,0.075601,39.235395,11,8
6,53,109,0.879032,0.268041,37.530928,15,8
6,54,110,0.887097,0.096220,37.250859,14,13
6,55,115,0.927419,0.482818,38.876289,9,8
6,56,115,0.927419,0.443299,39.429553,9,7
6,57,111,0.895161,0.364261,38.752577,13,7
6,58,115,0.927419,0.293814,39.268041,9,7
6,59,108,0.870968,0.207904,36.860825,16,12
6,60,111,0.895161,0.211340,37.919244,13,9
6,61,108,0.870968,0.420962,37.302405,16,12
6,62,106,0.854839,0.261168,36.609966,18,10
6,63,104,0.838710,0.261168,36.565292,20,13
6,64,115,0.927419,0.467354,39.139175,9,7
6,65,117,0.943548,0.556701,39.807560,7,7
6,66,111,0.895161,0.541237,38.128866,13,8
6,67,112,0.903226,0.276632,38.213058,12,9
6,68,113,0.911290,0.182131,38.711340,11,7
6,69,113,0.911290,0.467354,38.701031,11,8
6,70,110,0.887097,0.147766,38.022337,14,10
6,71,107,0.862903,0.207904,37.297251,17,14
6,72,113,0.911290,0.211340,39.362543,11,6
6,73,114,0.919355,0.233677,39.046392,10,6
6,74,105,0.846774,0.420962,36.714777,19,15
6,75,110,0.887097,0.333333,38.005155,14,8
6,76,111,0.895161,0.408935,38.664948,13,10
6,77,117,0.943548,0.584192,40.475945,7,6
6,78,115,0.927419,0.532646,39.197595,9,7
6,79,107,0.862903,0.211340,36.529210,17,13
6,80,112,0.903226,0.235395,38.646048,12,10
6,81,116,0.935484,0.517182,39.310997,8,7
6,82,114,0.919355,0.443299,39.183849,10,8
6,83,111,0.895161,0.420962,38.764605,13,11
6,84,107,0.862903,0.185567,36.568729,17,12
6,85,108,0.870968,0.245704,36.618557,16,14
6,86,111,0.895161,0.360825,38.235395,13,8
6,87,112,0.903226,0.432990,38.338488,12,8
6,88,117,0.943548,0.431271,39.848797,7,4
6,89,109,0.879032,0.099656,37.656357,15,9
6,90,111,0.895161,0.319588,37.917526,13,12
6,91,112,0.903226,0.245704,38.434708,12,8
6,92,112,0.903226,0.199313,38.429553,12,8
6,93,113,0.911290,0.372852,38.955326,11,8
6,94,120,0.967742,0.582474,41.116838,4,3
6,95,111,0.895161,0.262887,37.632302,13,6
6,96,108,0.870968,0.319588,37.484536,16,11
6,97,111,0.895161,0.286942,38.455326,13,7
6,98,110,0.887097,0.398625,38.310997,14,9
6,99,113,0.911290,0.443299,38.781787,11,8
6,100,118,0.951613,0.766323,40.680412,6,6
6,101,113,0.911290,0.271478,38.309278,11,8
6,102,110,0.887097,0.310997,38.213058,14,11
6,103,113,0.911290,0.367698,39.242268,11,7
6,104,109,0.879032,0.223368,36.164948,15,10
6,105,115,0.927419,0.357388,39.206186,9,7
6,106,112,0.903226,0.235395,38.852234,12,8
6,107,115,0.927419,0.467354,39.352234,9,6
6,108,116,0.935484,0.680412,40.283505,8,6
6,109,110,0.887097,0.309278,37.164948,14,9
6,110,112,0.903226,0.415808,38.652921,12,9
6,111,116,0.935484,0.319588,39.481100,8,6
6,112,110,0.887097,0.199313,37.393471,14,8
6,113,111,0.895161,0.333333,38.371134,13,7
6,114,110,0.887097,0.135739,37.936426,14,10
6,115,113,0.911290,0.420962,38.780069,11,9
6,116,109,0.879032,0.231959,38.073883,15,9
6,117,113,0.911290,0.420962,38.871134,11,9
6,118,109,0.879032,0.383162,37.711340,15,12
6,119,114,0.919355,0.467354,39.754296,10,6
6,120,114,0.919355,0.262887,39.039519,10,7
6,121,112,0.903226,0.532646,37.226804,12,10
6,122,112,0.903226,0.333333,38.424399,12,8
6,123,109,0.879032,0.333333,38.219931,15,13
6,124,103,0.830645,0.111684,35.567010,21,19
7,0,115,0.927419,0.364261,39.128866,9,7
7,1,108,0.870968,0.245704,37.211340,16,12
7,2,115,0.927419,0.467354,39.524055,9,5
7,3,112,0.903226,0.173540,38.443299,12,10
7,4,103,0.830645,0.221649,34.915808,21,16
7,5,112,0.903226,0.443299,39.029210,12,8
7,6,110,0.887097,0.345361,37.750859,14,10
7,7,108,0.870968,0.237113,37.058419,16,11
7,8,117,0.943548,0.570447,40.479381,7,5
7,9,116,0.935484,0.333333,39.881443,8,6
7,10,112,0.903226,0.383162,39.121993,12,8
7,11,112,0.903226,0.359107,39.534364,12,8
7,12,112,0.903226,0.371134,38.479381,12,10
7,13,111,0.895161,0.350515,38.116838,13,7
7,14,109,0.879032,0.293814,37.546392,15,13
7,15,112,0.903226,0.431271,38.694158,12,11
7,16,108,0.870968,0.333333,37.580756,16,14
7,17,111,0.895161,0.135739,37.841924,13,8
7,18,107,0.862903,0.371134,36.792096,17,15
7,19,106,0.854839,0.134021,35.582474,18,11
7,20,109,0.879032,0.329897,37.599656,15,12
7,21,112,0.903226,0.221649,38.582474,12,9
7,22,108,0.870968,0.261168,37.395189,16,12
7,23,107,0.862903,0.333333,37.195876,17,13
7,24,108,0.870968,0.333333,37.242268,16,16
7,25,110,0.887097,0.333333,38.182131,14,11
7,26,113,0.911290,0.359107,38.780069,11,8
7,27,108,0.870968,0.347079,37.496564,16,11
7,28,111,0.895161,0.261168,38.300687,13,11
7,29,107,0.862903,0.233677,36.051546,17,12
7,30,110,0.887097,0.319588,37.852234,14,9
7,31,116,0.935484,0.474227,39.745704,8,6
7,32,110,0.887097,0.206186,38.087629,14,11
7,33,115,0.927419,0.408935,39.554983,9,6
7,34,112,0.903226,0.302405,38.884880,12,8
7,35,114,0.919355,0.482818,39.158076,10,7
7,36,115,0.927419,0.584192,39.927835,9,7
7,37,115,0.927419,0.429553,39.986254,9,6
7,38,112,0.903226,0.532646,38.671821,12,9
7,39,114,0.919355,0.420962,39.292096,10,8
7,40,110,0.887097,0.405498,37.982818,14,10
7,41,107,0.862903,0.058419,36.489691,17,12
7,42,114,0.919355,0.467354,39.551546,10,8
7,43,110,0.887097,0.443299,38.450172,14,10
7,44,106,0.854839,0.333333,36.621993,18,18
7,45,109,0.879032,0.096220,37.391753,15,10
7,46,107,0.862903,0.233677,36.709622,17,14
7,47,110,0.887097,0.333333,37.694158,14,11
7,48,116,0.935484,0.429553,40.233677,8,7
7,49,116,0.935484,0.417526,40.101375,8,6
7,50,114,0.919355,0.554983,40.089347,10,7
7,51,110,0.887097,0.347079,37.152921,14,9
7,52,113,0.911290,0.075601,39.235395,11,8
7,53,109,0.879032,0.268041,37.530928,15,8
7,54,110,0.887097,0.096220,37.250859,14,13
7,55,115,0.927419,0.482818,38.876289,9,8
7,56,115,0.927419,0.443299,39.429553,9,7
7,57,111,0.895161,0.364261,38.743986,13,7
7,58,115,0.927419,0.293814,39.268041,9,7
7,59,108,0.870968,0.207904,36.860825,16,12
7,60,111,0.895161,0.211340,37.919244,13,9
7,61,108,0.870968,0.420962,37.302405,16,12
7,62,106,0.854839,0.261168,36.601375,18,10
7,63,104,0.838710,0.261168,36.565292,20,13
7,64,115,0.927419,0.467354,39.139175,9,7
7,65,117,0.943548,0.556701,39.807560,7,7
7,66,111,0.895161,0.541237,38.137457,13,9
7,67,112,0.903226,0.276632,38.213058,12,9
7,68,113,0.911290,0.182131,38.711340,11,7
7,69,113,0.911290,0.458763,38.701031,11,9
7,70,110,0.887097,0.147766,38.022337,14,10
7,71,107,0.862903,0.207904,37.297251,17,14
7,72,113,0.911290,0.211340,39.371134,11,6
7,73,114,0.919355,0.233677,39.046392,10,6
7,74,105,0.846774,0.420962,36.714777,19,15
7,75,110,0.887097,0.333333,38.005155,14,8
7,76,111,0.895161,0.408935,38.664948,13,10
7,77,117,0.943548,0.584192,40.475945,7,6
7,78,115,0.927419,0.532646,39.197595,9,7
7,79,107,0.862903,0.211340,36.529210,17,13
7,80,112,0.903226,0.235395,38.646048,12,10
7,81,116,0.935484,0.517182,39.310997,8,7
7,82,114,0.919355,0.443299,39.183849,10,8
7,83,111,0.895161,0.420962,38.764605,13,11
7,84,107,0.862903,0.185567,36.568729,17,12
7,85,108,0.870968,0.245704,36.618557,16,14
7,86,111,0.895161,0.360825,38.235395,13,8
7,87,112,0.903226,0.432990,38.338488,12,8
7,88,117,0.943548,0.431271,39.848797,7,4
7,89,109,0.879032,0.099656,37.656357,15,9
7,90,111,0.895161,0.319588,37.917526,13,12
7,91,112,0.903226,0.245704,38.434708,12,8
7,92,112,0.903226,0.199313,38.429553,12,8
7,93,113,0.911290,0.372852,38.955326,11,8
7,94,120,0.967742,0.582474,41.116838,4,3
7,95,111,0.895161,0.262887,37.632302,13,6
7,96,108,0.870968,0.319588,37.484536,16,11
7,97,111,0.895161,0.295533,38.455326,13,7
7,98,110,0.887097,0.398625,38.310997,14,9
7,99,113,0.911290,0.443299,38.773196,11,8
7,100,118,0.951613,0.766323,40.680412,6,6
7,101,113,0.911290,0.271478,38.309278,11,8
7,102,110,0.887097,0.310997,38.213058,14,11
7,103,113,0.911290,0.367698,39.242268,11,7
7,104,109,0.879032,0.223368,36.156357,15,10
7,105,115,0.927419,0.357388,39.206186,9,7
7,106,112,0.903226,0.235395,38.852234,12,8
7,107,115,0.927419,0.467354,39.352234,9,6
7,108,116,0.935484,0.680412,40.283505,8,6
7,109,110,0.887097,0.309278,37.164948,14,9
7,110,112,0.903226,0.415808,38.652921,12,9
7,111,116,0.935484,0.319588,39.489691,8,6
7,112,110,0.887097,0.199313,37.393471,14,8
7,113,111,0.895161,0.333333,38.371134,13,7
7,114,110,0.887097,0.135739,37.936426,14,10
7,115,113,0.911290,0.420962,38.780069,11,9
7,116,109,0.879032,0.231959,38.065292,15,9
7,117,113,0.911290,0.420962,38.871134,11,9
7,118,109,0.879032,0.383162,37.711340,15,12
7,119,114,0.919355,0.467354,39.754296,10,6
7,120,114,0.919355,0.262887,39.039519,10,7
7,121,112,0.903226,0.532646,37.235395,12,10
7,122,112,0.903226,0.333333,38.424399,12,8
7,123,109,0.879032,0.333333,38.219931,15,13
7,124,103,0.830645,0.111684,35.567010,21,19
