iteration,vertex_id,degree_normalized,normalized_degree,dual_normalized,weighted_neighbor_dual_normalized,complement_degree_normalized,complement_dual_normalized,occurrence_rate,score_contribution
0,0,0.000000,0.026144,0.000000,0.002088,1.000000,0.998205,0.692308,0.000000
0,1,0.000000,0.026144,0.012821,0.000000,1.000000,0.998205,0.153846,0.009524
0,2,0.086957,0.039216,0.000000,0.171190,0.913043,0.852783,0.519231,0.000000
0,3,0.086957,0.039216,0.000000,0.169102,0.913043,0.854578,0.153846,0.000000
0,4,0.086957,0.039216,0.000000,0.162839,0.913043,0.859964,0.519231,0.000000
0,5,0.086957,0.039216,0.000000,0.162839,0.913043,0.859964,0.250000,0.000000
0,6,0.086957,0.039216,0.000000,0.169102,0.913043,0.854578,0.480769,0.000000
0,7,0.086957,0.039216,0.000000,0.169102,0.913043,0.854578,0.269231,0.000000
0,8,0.086957,0.039216,0.000000,0.164927,0.913043,0.858169,0.480769,0.000000
0,9,0.086957,0.039216,0.000000,0.164927,0.913043,0.858169,0.269231,0.000000
0,10,0.086957,0.039216,0.000000,0.164927,0.913043,0.858169,0.423077,0.000000
0,11,0.086957,0.039216,0.000000,0.164927,0.913043,0.858169,0.346154,0.000000
0,12,0.086957,0.039216,0.000000,0.331942,0.913043,0.714542,0.384615,0.000000
0,13,0.086957,0.039216,0.000000,0.331942,0.913043,0.714542,0.346154,0.000000
0,14,0.521739,0.104575,0.794872,1.000000,0.478261,0.028725,0.134615,0.158974
0,15,0.521739,0.104575,0.794872,0.993737,0.478261,0.034111,0.115385,0.158974
0,16,0.521739,0.104575,1.000000,1.000000,0.478261,0.000000,0.115385,0.742857
0,17,0.521739,0.104575,0.961538,0.993737,0.478261,0.010772,0.115385,0.192308
0,18,0.521739,0.104575,0.974359,0.997912,0.478261,0.005386,0.115385,0.194872
0,19,0.521739,0.104575,0.794872,0.997912,0.478261,0.030521,0.115385,0.158974
0,20,0.521739,0.104575,0.871795,0.993737,0.478261,0.023339,0.096154,0.174359
0,21,0.043478,0.032680,0.000000,0.014614,0.956522,0.987433,0.596154,0.000000
0,22,0.043478,0.032680,0.000000,0.012526,0.956522,0.989228,0.153846,0.000000
0,23,0.130435,0.045752,0.000000,0.144050,0.869565,0.876122,0.500000,0.000000
0,24,0.130435,0.045752,0.000000,0.141962,0.869565,0.877917,0.153846,0.000000
0,25,0.130435,0.045752,0.000000,0.175365,0.869565,0.849192,0.500000,0.000000
0,26,0.130435,0.045752,0.000000,0.175365,0.869565,0.849192,0.250000,0.000000
0,27,0.130435,0.045752,0.000000,0.169102,0.869565,0.854578,0.461538,0.000000
0,28,0.130435,0.045752,0.000000,0.169102,0.869565,0.854578,0.307692,0.000000
0,29,0.130435,0.045752,0.000000,0.171190,0.869565,0.852783,0.442308,0.000000
0,30,0.130435,0.045752,0.000000,0.171190,0.869565,0.852783,0.269231,0.000000
0,31,0.130435,0.045752,0.000000,0.141962,0.869565,0.877917,0.442308,0.000000
0,32,0.130435,0.045752,0.000000,0.141962,0.869565,0.877917,0.403846,0.000000
0,33,0.130435,0.045752,0.000000,0.311065,0.869565,0.732496,0.365385,0.000000
0,34,0.130435,0.045752,0.000000,0.311065,0.869565,0.732496,0.384615,0.000000
0,35,0.565217,0.111111,0.205128,0.918580,0.434783,0.181329,0.173077,0.041026
0,36,0.565217,0.111111,0.243590,0.918580,0.434783,0.175943,0.192308,0.048718
0,37,0.565217,0.111111,0.000000,0.885177,0.434783,0.238779,0.192308,0.000000
0,38,0.565217,0.111111,0.076923,0.891441,0.434783,0.222621,0.192308,0.015385
0,39,0.565217,0.111111,0.038462,0.889353,0.434783,0.229803,0.192308,0.007692
0,40,0.565217,0.111111,0.217949,0.918580,0.434783,0.179533,0.192308,0.043590
0,41,0.565217,0.111111,0.166667,0.878914,0.434783,0.220826,0.153846,0.033333
0,42,0.043478,0.032680,0.000000,0.000000,0.956522,1.000000,0.653846,0.000000
0,43,0.043478,0.032680,0.000000,0.000000,0.956522,1.000000,0.269231,0.000000
0,44,0.130435,0.045752,0.000000,0.039666,0.869565,0.965889,0.500000,0.000000
0,45,0.130435,0.045752,0.000000,0.039666,0.869565,0.965889,0.211538,0.000000
0,46,0.130435,0.045752,0.000000,0.000000,0.869565,1.000000,0.519231,0.000000
0,47,0.130435,0.045752,0.000000,0.000000,0.869565,1.000000,0.288462,0.000000
0,48,0.130435,0.045752,0.000000,0.012526,0.869565,0.989228,0.519231,0.000000
0,49,0.130435,0.045752,0.000000,0.012526,0.869565,0.989228,0.288462,0.000000
0,50,0.130435,0.045752,0.000000,0.006263,0.869565,0.994614,0.442308,0.000000
0,51,0.130435,0.045752,0.000000,0.006263,0.869565,0.994614,0.326923,0.000000
0,52,0.130435,0.045752,0.000000,0.035491,0.869565,0.969479,0.461538,0.000000
0,53,0.130435,0.045752,0.000000,0.035491,0.869565,0.969479,0.403846,0.000000
0,54,0.130435,0.045752,0.000000,0.060543,0.869565,0.947935,0.480769,0.000000
0,55,0.130435,0.045752,0.000000,0.060543,0.869565,0.947935,0.423077,0.000000
0,56,0.565217,0.111111,0.000000,0.121086,0.434783,0.895871,0.192308,0.000000
0,57,0.565217,0.111111,0.000000,0.114823,0.434783,0.901257,0.192308,0.000000
0,58,0.565217,0.111111,0.000000,0.154489,0.434783,0.867145,0.250000,0.000000
0,59,0.565217,0.111111,0.000000,0.141962,0.434783,0.877917,0.192308,0.000000
0,60,0.565217,0.111111,0.000000,0.148225,0.434783,0.872531,0.230769,0.000000
0,61,0.565217,0.111111,0.000000,0.118998,0.434783,0.897666,0.230769,0.000000
0,62,0.565217,0.111111,0.166667,0.127349,0.434783,0.867145,0.173077,0.123810
0,63,0.043478,0.032680,0.000000,0.004175,0.956522,0.996409,0.557692,0.000000
0,64,0.043478,0.032680,0.000000,0.004175,0.956522,0.996409,0.269231,0.000000
0,65,0.130435,0.045752,0.000000,0.004175,0.869565,0.996409,0.538462,0.000000
0,66,0.130435,0.045752,0.000000,0.004175,0.869565,0.996409,0.250000,0.000000
0,67,0.130435,0.045752,0.000000,0.004175,0.869565,0.996409,0.480769,0.000000
0,68,0.130435,0.045752,0.000000,0.004175,0.869565,0.996409,0.326923,0.000000
0,69,0.130435,0.045752,0.000000,0.004175,0.869565,0.996409,0.519231,0.000000
0,70,0.130435,0.045752,0.000000,0.004175,0.869565,0.996409,0.326923,0.000000
0,71,0.130435,0.045752,0.000000,0.004175,0.869565,0.996409,0.423077,0.000000
0,72,0.130435,0.045752,0.000000,0.004175,0.869565,0.996409,0.288462,0.000000
0,73,0.130435,0.045752,0.000000,0.004175,0.869565,0.996409,0.423077,0.000000
0,74,0.130435,0.045752,0.000000,0.004175,0.869565,0.996409,0.365385,0.000000
0,75,0.130435,0.045752,0.000000,0.031315,0.869565,0.973070,0.480769,0.000000
0,76,0.130435,0.045752,0.000000,0.031315,0.869565,0.973070,0.423077,0.000000
0,77,0.565217,0.111111,0.000000,0.031315,0.434783,0.973070,0.211538,0.000000
0,78,0.565217,0.111111,0.000000,0.031315,0.434783,0.973070,0.211538,0.000000
0,79,0.565217,0.111111,0.000000,0.031315,0.434783,0.973070,0.288462,0.000000
0,80,0.565217,0.111111,0.000000,0.031315,0.434783,0.973070,0.250000,0.000000
0,81,0.565217,0.111111,0.000000,0.031315,0.434783,0.973070,0.269231,0.000000
0,82,0.565217,0.111111,0.000000,0.031315,0.434783,0.973070,0.269231,0.000000
0,83,0.565217,0.111111,0.000000,0.004175,0.434783,0.996409,0.192308,0.000000
0,84,0.043478,0.032680,0.000000,0.002088,0.956522,0.998205,0.538462,0.000000
0,85,0.043478,0.032680,0.000000,0.000000,0.956522,1.000000,0.230769,0.000000
0,86,0.130435,0.045752,0.000000,0.000000,0.869565,1.000000,0.461538,0.000000
0,87,0.130435,0.045752,0.000000,0.000000,0.869565,1.000000,0.250000,0.000000
0,88,0.130435,0.045752,0.000000,0.008351,0.869565,0.992819,0.461538,0.000000
0,89,0.130435,0.045752,0.000000,0.006263,0.869565,0.994614,0.346154,0.000000
0,90,0.130435,0.045752,0.000000,0.000000,0.869565,1.000000,0.461538,0.000000
0,91,0.130435,0.045752,0.000000,0.000000,0.869565,1.000000,0.307692,0.000000
0,92,0.130435,0.045752,0.000000,0.000000,0.869565,1.000000,0.423077,0.000000
0,93,0.130435,0.045752,0.000000,0.000000,0.869565,1.000000,0.326923,0.000000
0,94,0.130435,0.045752,0.000000,0.000000,0.869565,1.000000,0.442308,0.000000
0,95,0.130435,0.045752,0.000000,0.000000,0.869565,1.000000,0.384615,0.000000
0,96,0.130435,0.045752,0.000000,0.006263,0.869565,0.994614,0.423077,0.000000
0,97,0.130435,0.045752,0.000000,0.006263,0.869565,0.994614,0.442308,0.000000
0,98,0.565217,0.111111,0.000000,0.006263,0.434783,0.994614,0.211538,0.000000
0,99,0.565217,0.111111,0.000000,0.014614,0.434783,0.987433,0.250000,0.000000
0,100,0.565217,0.111111,0.000000,0.006263,0.434783,0.994614,0.269231,0.000000
0,101,0.565217,0.111111,0.000000,0.012526,0.434783,0.989228,0.269231,0.000000
0,102,0.565217,0.111111,0.000000,0.012526,0.434783,0.989228,0.250000,0.000000
0,103,0.565217,0.111111,0.000000,0.012526,0.434783,0.989228,0.288462,0.000000
0,104,0.565217,0.111111,0.000000,0.012526,0.434783,0.989228,0.230769,0.000000
0,105,0.043478,0.032680,0.000000,0.000000,0.956522,1.000000,0.307692,0.000000
0,106,0.043478,0.032680,0.000000,0.000000,0.956522,1.000000,0.211538,0.000000
0,107,0.130435,0.045752,0.000000,0.000000,0.869565,1.000000,0.269231,0.000000
0,108,0.130435,0.045752,0.012821,0.000000,0.869565,0.998205,0.173077,0.009524
0,109,0.130435,0.045752,0.000000,0.000000,0.869565,1.000000,0.269231,0.000000
0,110,0.130435,0.045752,0.000000,0.000000,0.869565,1.000000,0.288462,0.000000
0,111,0.130435,0.045752,0.000000,0.000000,0.869565,1.000000,0.269231,0.000000
0,112,0.130435,0.045752,0.000000,0.000000,0.869565,1.000000,0.250000,0.000000
0,113,0.130435,0.045752,0.000000,0.000000,0.869565,1.000000,0.211538,0.000000
0,114,0.130435,0.045752,0.000000,0.000000,0.869565,1.000000,0.192308,0.000000
0,115,0.130435,0.045752,0.000000,0.000000,0.869565,1.000000,0.230769,0.000000
0,116,0.130435,0.045752,0.000000,0.000000,0.869565,1.000000,0.211538,0.000000
0,117,0.130435,0.045752,0.000000,0.000000,0.869565,1.000000,0.250000,0.000000
0,118,0.130435,0.045752,0.000000,0.000000,0.869565,1.000000,0.250000,0.000000
0,119,0.565217,0.111111,0.038462,0.000000,0.434783,0.994614,0.134615,0.028571
0,120,0.565217,0.111111,0.000000,0.000000,0.434783,1.000000,0.173077,0.000000
0,121,0.565217,0.111111,0.038462,0.000000,0.434783,0.994614,0.153846,0.028571
0,122,0.565217,0.111111,0.000000,0.000000,0.434783,1.000000,0.153846,0.000000
0,123,0.565217,0.111111,0.000000,0.000000,0.434783,1.000000,0.192308,0.000000
0,124,0.565217,0.111111,0.000000,0.000000,0.434783,1.000000,0.173077,0.000000
0,125,0.565217,0.111111,0.000000,0.000000,0.434783,1.000000,0.153846,0.000000
0,126,0.000000,0.026144,0.000000,0.006263,1.000000,0.994614,0.615385,0.000000
0,127,0.000000,0.026144,0.000000,0.004175,1.000000,0.996409,0.576923,0.000000
0,128,0.043478,0.032680,0.000000,0.004175,0.956522,0.996409,0.576923,0.000000
0,129,0.043478,0.032680,0.000000,0.004175,0.956522,0.996409,0.576923,0.000000
0,130,0.043478,0.032680,0.000000,0.012526,0.956522,0.989228,0.557692,0.000000
0,131,0.043478,0.032680,0.000000,0.010438,0.956522,0.991023,0.634615,0.000000
0,132,0.043478,0.032680,0.000000,0.004175,0.956522,0.996409,0.576923,0.000000
0,133,0.043478,0.032680,0.000000,0.004175,0.956522,0.996409,0.596154,0.000000
0,134,0.043478,0.032680,0.000000,0.004175,0.956522,0.996409,0.576923,0.000000
0,135,0.043478,0.032680,0.000000,0.004175,0.956522,0.996409,0.596154,0.000000
0,136,0.043478,0.032680,0.000000,0.004175,0.956522,0.996409,0.615385,0.000000
0,137,0.043478,0.032680,0.000000,0.004175,0.956522,0.996409,0.596154,0.000000
0,138,0.043478,0.032680,0.000000,0.010438,0.956522,0.991023,0.596154,0.000000
0,139,0.043478,0.032680,0.000000,0.010438,0.956522,0.991023,0.596154,0.000000
0,140,0.260870,0.065359,0.000000,0.010438,0.739130,0.991023,0.576923,0.000000
0,141,0.260870,0.065359,0.000000,0.018789,0.739130,0.983842,0.557692,0.000000
0,142,0.260870,0.065359,0.000000,0.010438,0.739130,0.991023,0.538462,0.000000
0,143,0.260870,0.065359,0.000000,0.016701,0.739130,0.985637,0.519231,0.000000
0,144,0.260870,0.065359,0.000000,0.016701,0.739130,0.985637,0.538462,0.000000
0,145,0.260870,0.065359,0.000000,0.016701,0.739130,0.985637,0.500000,0.000000
0,146,0.260870,0.065359,0.000000,0.016701,0.739130,0.985637,0.576923,0.000000
0,147,1.000000,0.176471,0.000000,0.020877,0.000000,0.982047,0.115385,0.000000
0,148,1.000000,0.176471,0.076923,0.162839,0.000000,0.849192,0.134615,0.057143
0,149,1.000000,0.176471,-0.000000,0.048017,0.000000,0.958707,0.115385,-0.000000
0,150,1.000000,0.176471,0.025641,0.016701,0.000000,0.982047,0.134615,0.005128
0,151,1.000000,0.176471,-0.000000,0.020877,0.000000,0.982047,0.115385,-0.000000
0,152,1.000000,0.176471,-0.000000,0.035491,0.000000,0.969479,0.173077,-0.000000
0,153,1.000000,0.176471,0.025641,0.016701,0.000000,0.982047,0.115385,0.005128
1,0,0.000000,0.026144,0.000000,0.000000,1.000000,1.000000,0.679245,0.000000
1,1,0.000000,0.026144,0.000000,0.000000,1.000000,1.000000,0.169811,0.000000
1,2,0.086957,0.039216,0.000000,0.165919,0.913043,0.856589,0.509434,0.000000
1,3,0.086957,0.039216,0.000000,0.165919,0.913043,0.856589,0.150943,0.000000
1,4,0.086957,0.039216,0.000000,0.161435,0.913043,0.860465,0.509434,0.000000
1,5,0.086957,0.039216,0.000000,0.161435,0.913043,0.860465,0.245283,0.000000
1,6,0.086957,0.039216,0.000000,0.170404,0.913043,0.852713,0.471698,0.000000
1,7,0.086957,0.039216,0.000000,0.170404,0.913043,0.852713,0.264151,0.000000
1,8,0.086957,0.039216,0.000000,0.165919,0.913043,0.856589,0.471698,0.000000
1,9,0.086957,0.039216,0.000000,0.165919,0.913043,0.856589,0.264151,0.000000
1,10,0.086957,0.039216,0.000000,0.161435,0.913043,0.860465,0.415094,0.000000
1,11,0.086957,0.039216,0.000000,0.161435,0.913043,0.860465,0.339623,0.000000
1,12,0.086957,0.039216,0.000000,0.336323,0.913043,0.709302,0.377358,0.000000
1,13,0.086957,0.039216,0.000000,0.336323,0.913043,0.709302,0.339623,0.000000
1,14,0.521739,0.104575,0.833333,0.995516,0.478261,0.023256,0.132075,0.166667
1,15,0.521739,0.104575,0.833333,0.995516,0.478261,0.023256,0.113208,0.166667
1,16,0.521739,0.104575,0.833333,1.000000,0.478261,0.019380,0.132075,0.166667
1,17,0.521739,0.104575,0.972222,0.991031,0.478261,0.007752,0.113208,0.194444
1,18,0.521739,0.104575,1.000000,0.995516,0.478261,0.000000,0.113208,0.200000
1,19,0.521739,0.104575,0.833333,1.000000,0.478261,0.019380,0.113208,0.166667
1,20,0.521739,0.104575,0.916667,0.991031,0.478261,0.015504,0.094340,0.702128
1,21,0.043478,0.032680,0.000000,0.013453,0.956522,0.988372,0.584906,0.000000
1,22,0.043478,0.032680,0.000000,0.013453,0.956522,0.988372,0.150943,0.000000
1,23,0.130435,0.045752,0.000000,0.147982,0.869565,0.872093,0.490566,0.000000
1,24,0.130435,0.045752,0.000000,0.147982,0.869565,0.872093,0.150943,0.000000
1,25,0.130435,0.045752,0.000000,0.147982,0.869565,0.872093,0.490566,0.000000
1,26,0.130435,0.045752,0.000000,0.147982,0.869565,0.872093,0.245283,0.000000
1,27,0.130435,0.045752,0.000000,0.170404,0.869565,0.852713,0.452830,0.000000
1,28,0.130435,0.045752,0.000000,0.170404,0.869565,0.852713,0.301887,0.000000
1,29,0.130435,0.045752,0.000000,0.174888,0.869565,0.848837,0.433962,0.000000
1,30,0.130435,0.045752,0.000000,0.174888,0.869565,0.848837,0.264151,0.000000
1,31,0.130435,0.045752,0.000000,0.147982,0.869565,0.872093,0.433962,0.000000
1,32,0.130435,0.045752,0.000000,0.147982,0.869565,0.872093,0.396226,0.000000
1,33,0.130435,0.045752,0.000000,0.318386,0.869565,0.724806,0.358491,0.000000
1,34,0.130435,0.045752,0.000000,0.318386,0.869565,0.724806,0.377358,0.000000
1,35,0.565217,0.111111,0.194444,0.905830,0.434783,0.189922,0.169811,0.038889
1,36,0.565217,0.111111,0.194444,0.905830,0.434783,0.189922,0.188679,0.038889
1,37,0.565217,0.111111,0.166667,0.905830,0.434783,0.193798,0.188679,0.033333
1,38,0.565217,0.111111,0.083333,0.883408,0.434783,0.224806,0.188679,0.016667
1,39,0.565217,0.111111,0.027778,0.878924,0.434783,0.236434,0.188679,0.005556
1,40,0.565217,0.111111,0.166667,0.905830,0.434783,0.193798,0.188679,0.033333
1,41,0.565217,0.111111,0.138889,0.869955,0.434783,0.228682,0.150943,0.106383
1,42,0.043478,0.032680,0.000000,0.004484,0.956522,0.996124,0.641509,0.000000
1,43,0.043478,0.032680,0.000000,0.004484,0.956522,0.996124,0.264151,0.000000
1,44,0.130435,0.045752,0.000000,0.035874,0.869565,0.968992,0.490566,0.000000
1,45,0.130435,0.045752,0.000000,0.035874,0.869565,0.968992,0.207547,0.000000
1,46,0.130435,0.045752,0.000000,0.031390,0.869565,0.972868,0.509434,0.000000
1,47,0.130435,0.045752,0.000000,0.031390,0.869565,0.972868,0.283019,0.000000
1,48,0.130435,0.045752,0.000000,0.017937,0.869565,0.984496,0.509434,0.000000
1,49,0.130435,0.045752,0.000000,0.017937,0.869565,0.984496,0.283019,0.000000
1,50,0.130435,0.045752,0.000000,0.008969,0.869565,0.992248,0.433962,0.000000
1,51,0.130435,0.045752,0.000000,0.008969,0.869565,0.992248,0.320755,0.000000
1,52,0.130435,0.045752,0.000000,0.031390,0.869565,0.972868,0.452830,0.000000
1,53,0.130435,0.045752,0.000000,0.031390,0.869565,0.972868,0.396226,0.000000
1,54,0.130435,0.045752,0.000000,0.058296,0.869565,0.949612,0.471698,0.000000
1,55,0.130435,0.045752,0.000000,0.058296,0.869565,0.949612,0.415094,0.000000
1,56,0.565217,0.111111,0.000000,0.130045,0.434783,0.887597,0.188679,0.000000
1,57,0.565217,0.111111,0.000000,0.130045,0.434783,0.887597,0.188679,0.000000
1,58,0.565217,0.111111,0.000000,0.134529,0.434783,0.883721,0.245283,0.000000
1,59,0.565217,0.111111,0.000000,0.147982,0.434783,0.872093,0.188679,0.000000
1,60,0.565217,0.111111,0.000000,0.156951,0.434783,0.864341,0.226415,0.000000
1,61,0.565217,0.111111,0.000000,0.134529,0.434783,0.883721,0.226415,0.000000
1,62,0.565217,0.111111,0.138889,0.139013,0.434783,0.860465,0.188679,0.106383
1,63,0.043478,0.032680,0.000000,0.008969,0.956522,0.992248,0.547170,0.000000
1,64,0.043478,0.032680,0.000000,0.008969,0.956522,0.992248,0.264151,0.000000
1,65,0.130435,0.045752,0.000000,0.008969,0.869565,0.992248,0.528302,0.000000
1,66,0.130435,0.045752,0.000000,0.008969,0.869565,0.992248,0.245283,0.000000
1,67,0.130435,0.045752,0.000000,0.008969,0.869565,0.992248,0.471698,0.000000
1,68,0.130435,0.045752,0.000000,0.008969,0.869565,0.992248,0.320755,0.000000
1,69,0.130435,0.045752,0.000000,0.008969,0.869565,0.992248,0.509434,0.000000
1,70,0.130435,0.045752,0.000000,0.008969,0.869565,0.992248,0.320755,0.000000
1,71,0.130435,0.045752,0.000000,0.008969,0.869565,0.992248,0.415094,0.000000
1,72,0.130435,0.045752,0.000000,0.008969,0.869565,0.992248,0.283019,0.000000
1,73,0.130435,0.045752,0.000000,0.008969,0.869565,0.992248,0.415094,0.000000
1,74,0.130435,0.045752,0.000000,0.008969,0.869565,0.992248,0.358491,0.000000
1,75,0.130435,0.045752,0.000000,0.031390,0.869565,0.972868,0.471698,0.000000
1,76,0.130435,0.045752,0.000000,0.031390,0.869565,0.972868,0.415094,0.000000
1,77,0.565217,0.111111,0.000000,0.031390,0.434783,0.972868,0.207547,0.000000
1,78,0.565217,0.111111,0.000000,0.031390,0.434783,0.972868,0.207547,0.000000
1,79,0.565217,0.111111,0.000000,0.031390,0.434783,0.972868,0.283019,0.000000
1,80,0.565217,0.111111,0.000000,0.031390,0.434783,0.972868,0.245283,0.000000
1,81,0.565217,0.111111,0.000000,0.031390,0.434783,0.972868,0.264151,0.000000
1,82,0.565217,0.111111,0.000000,0.031390,0.434783,0.972868,0.264151,0.000000
1,83,0.565217,0.111111,0.000000,0.008969,0.434783,0.992248,0.188679,0.000000
1,84,0.043478,0.032680,0.000000,0.000000,0.956522,1.000000,0.528302,0.000000
1,85,0.043478,0.032680,0.000000,0.000000,0.956522,1.000000,0.226415,0.000000
1,86,0.130435,0.045752,0.000000,0.000000,0.869565,1.000000,0.452830,0.000000
1,87,0.130435,0.045752,0.000000,0.000000,0.869565,1.000000,0.245283,0.000000
1,88,0.130435,0.045752,0.000000,0.004484,0.869565,0.996124,0.452830,0.000000
1,89,0.130435,0.045752,0.000000,0.000000,0.869565,1.000000,0.339623,0.000000
1,90,0.130435,0.045752,0.000000,0.000000,0.869565,1.000000,0.452830,0.000000
1,91,0.130435,0.045752,0.000000,0.000000,0.869565,1.000000,0.301887,0.000000
1,92,0.130435,0.045752,0.000000,0.004484,0.869565,0.996124,0.415094,0.000000
1,93,0.130435,0.045752,0.000000,0.000000,0.869565,1.000000,0.320755,0.000000
1,94,0.130435,0.045752,0.000000,0.004484,0.869565,0.996124,0.433962,0.000000
1,95,0.130435,0.045752,0.000000,0.004484,0.869565,0.996124,0.377358,0.000000
1,96,0.130435,0.045752,0.000000,0.000000,0.869565,1.000000,0.415094,0.000000
1,97,0.130435,0.045752,0.000000,0.000000,0.869565,1.000000,0.433962,0.000000
1,98,0.565217,0.111111,0.000000,0.004484,0.434783,0.996124,0.207547,0.000000
1,99,0.565217,0.111111,0.000000,0.004484,0.434783,0.996124,0.245283,0.000000
1,100,0.565217,0.111111,0.000000,0.004484,0.434783,0.996124,0.264151,0.000000
1,101,0.565217,0.111111,0.000000,0.008969,0.434783,0.992248,0.264151,0.000000
1,102,0.565217,0.111111,0.000000,0.004484,0.434783,0.996124,0.245283,0.000000
1,103,0.565217,0.111111,0.000000,0.000000,0.434783,1.000000,0.283019,0.000000
1,104,0.565217,0.111111,0.000000,0.004484,0.434783,0.996124,0.226415,0.000000
1,105,0.043478,0.032680,0.000000,0.000000,0.956522,1.000000,0.301887,0.000000
1,106,0.043478,0.032680,0.000000,0.000000,0.956522,1.000000,0.207547,0.000000
1,107,0.130435,0.045752,0.000000,0.000000,0.869565,1.000000,0.264151,0.000000
1,108,0.130435,0.045752,0.000000,0.000000,0.869565,1.000000,0.188679,0.000000
1,109,0.130435,0.045752,0.000000,0.000000,0.869565,1.000000,0.264151,0.000000
1,110,0.130435,0.045752,0.000000,0.000000,0.869565,1.000000,0.283019,0.000000
1,111,0.130435,0.045752,0.000000,0.000000,0.869565,1.000000,0.264151,0.000000
1,112,0.130435,0.045752,0.027778,0.000000,0.869565,0.996124,0.245283,0.021277
1,113,0.130435,0.045752,0.000000,0.000000,0.869565,1.000000,0.207547,0.000000
1,114,0.130435,0.045752,0.000000,0.000000,0.869565,1.000000,0.188679,0.000000
1,115,0.130435,0.045752,0.000000,0.000000,0.869565,1.000000,0.226415,0.000000
1,116,0.130435,0.045752,0.000000,0.000000,0.869565,1.000000,0.207547,0.000000
1,117,0.130435,0.045752,0.000000,0.000000,0.869565,1.000000,0.245283,0.000000
1,118,0.130435,0.045752,0.000000,0.000000,0.869565,1.000000,0.245283,0.000000
1,119,0.565217,0.111111,0.000000,0.000000,0.434783,1.000000,0.150943,0.000000
1,120,0.565217,0.111111,0.000000,0.000000,0.434783,1.000000,0.169811,0.000000
1,121,0.565217,0.111111,0.000000,0.000000,0.434783,1.000000,0.169811,0.000000
1,122,0.565217,0.111111,0.000000,0.000000,0.434783,1.000000,0.150943,0.000000
1,123,0.565217,0.111111,0.000000,0.000000,0.434783,1.000000,0.188679,0.000000
1,124,0.565217,0.111111,0.027778,0.000000,0.434783,0.996124,0.169811,0.021277
1,125,0.565217,0.111111,0.000000,0.000000,0.434783,1.000000,0.150943,0.000000
1,126,0.000000,0.026144,0.000000,0.008969,1.000000,0.992248,0.603774,0.000000
1,127,0.000000,0.026144,0.000000,0.008969,1.000000,0.992248,0.566038,0.000000
1,128,0.043478,0.032680,0.000000,0.008969,0.956522,0.992248,0.566038,0.000000
1,129,0.043478,0.032680,0.000000,0.008969,0.956522,0.992248,0.566038,0.000000
1,130,0.043478,0.032680,0.000000,0.013453,0.956522,0.988372,0.547170,0.000000
1,131,0.043478,0.032680,0.000000,0.008969,0.956522,0.992248,0.622642,0.000000
1,132,0.043478,0.032680,0.000000,0.008969,0.956522,0.992248,0.566038,0.000000
1,133,0.043478,0.032680,0.000000,0.008969,0.956522,0.992248,0.584906,0.000000
1,134,0.043478,0.032680,0.000000,0.013453,0.956522,0.988372,0.566038,0.000000
1,135,0.043478,0.032680,0.000000,0.008969,0.956522,0.992248,0.584906,0.000000
1,136,0.043478,0.032680,0.000000,0.013453,0.956522,0.988372,0.603774,0.000000
1,137,0.043478,0.032680,0.000000,0.013453,0.956522,0.988372,0.584906,0.000000
1,138,0.043478,0.032680,0.000000,0.008969,0.956522,0.992248,0.584906,0.000000
1,139,0.043478,0.032680,0.000000,0.008969,0.956522,0.992248,0.584906,0.000000
1,140,0.260870,0.065359,0.000000,0.013453,0.739130,0.988372,0.566038,0.000000
1,141,0.260870,0.065359,0.000000,0.013453,0.739130,0.988372,0.547170,0.000000
1,142,0.260870,0.065359,0.000000,0.013453,0.739130,0.988372,0.528302,0.000000
1,143,0.260870,0.065359,0.000000,0.017937,0.739130,0.984496,0.509434,0.000000
1,144,0.260870,0.065359,0.000000,0.013453,0.739130,0.988372,0.528302,0.000000
1,145,0.260870,0.065359,0.000000,0.008969,0.739130,0.992248,0.490566,0.000000
1,146,0.260870,0.065359,0.000000,0.013453,0.739130,0.988372,0.566038,0.000000
1,147,1.000000,0.176471,0.027778,0.031390,0.000000,0.968992,0.113208,0.005556
1,148,1.000000,0.176471,0.083333,0.179372,0.000000,0.833333,0.150943,0.016667
1,149,1.000000,0.176471,0.027778,0.053812,0.000000,0.949612,0.113208,0.005556
1,150,1.000000,0.176471,0.055556,0.026906,0.000000,0.968992,0.132075,0.042553
1,151,1.000000,0.176471,0.000000,0.035874,0.000000,0.968992,0.113208,0.000000
1,152,1.000000,0.176471,0.000000,0.044843,0.000000,0.961240,0.169811,0.000000
1,153,1.000000,0.176471,0.027778,0.031390,0.000000,0.968992,0.113208,0.005556
2,0,0.000000,0.026144,0.000000,0.000000,1.000000,1.000000,0.666667,0.000000
2,1,0.000000,0.026144,0.000000,0.000000,1.000000,1.000000,0.166667,0.000000
2,2,0.086957,0.039216,0.000000,0.163636,0.913043,0.859375,0.500000,0.000000
2,3,0.086957,0.039216,0.000000,0.163636,0.913043,0.859375,0.148148,0.000000
2,4,0.086957,0.039216,0.000000,0.163636,0.913043,0.859375,0.500000,0.000000
2,5,0.086957,0.039216,0.000000,0.163636,0.913043,0.859375,0.240741,0.000000
2,6,0.086957,0.039216,0.000000,0.169697,0.913043,0.854167,0.462963,0.000000
2,7,0.086957,0.039216,0.000000,0.169697,0.913043,0.854167,0.259259,0.000000
2,8,0.086957,0.039216,0.000000,0.163636,0.913043,0.859375,0.462963,0.000000
2,9,0.086957,0.039216,0.000000,0.163636,0.913043,0.859375,0.259259,0.000000
2,10,0.086957,0.039216,0.000000,0.169697,0.913043,0.854167,0.407407,0.000000
2,11,0.086957,0.039216,0.000000,0.169697,0.913043,0.854167,0.333333,0.000000
2,12,0.086957,0.039216,0.000000,0.333333,0.913043,0.713542,0.370370,0.000000
2,13,0.086957,0.039216,0.000000,0.333333,0.913043,0.713542,0.333333,0.000000
2,14,0.521739,0.104575,0.777778,1.000000,0.478261,0.031250,0.129630,0.155556
2,15,0.521739,0.104575,0.777778,1.000000,0.478261,0.031250,0.111111,0.155556
2,16,0.521739,0.104575,0.962963,1.000000,0.478261,0.005208,0.129630,0.192593
2,17,0.521739,0.104575,0.925926,0.993939,0.478261,0.015625,0.111111,0.185185
2,18,0.521739,0.104575,1.000000,1.000000,0.478261,0.000000,0.111111,0.729730
2,19,0.521739,0.104575,0.777778,0.993939,0.478261,0.036458,0.111111,0.155556
2,20,0.521739,0.104575,0.888889,0.993939,0.478261,0.020833,0.111111,0.177778
2,21,0.043478,0.032680,0.000000,0.018182,0.956522,0.984375,0.574074,0.000000
2,22,0.043478,0.032680,0.000000,0.018182,0.956522,0.984375,0.148148,0.000000
2,23,0.130435,0.045752,0.000000,0.157576,0.869565,0.864583,0.481481,0.000000
2,24,0.130435,0.045752,0.000000,0.157576,0.869565,0.864583,0.148148,0.000000
2,25,0.130435,0.045752,0.000000,0.181818,0.869565,0.843750,0.481481,0.000000
2,26,0.130435,0.045752,0.000000,0.181818,0.869565,0.843750,0.240741,0.000000
2,27,0.130435,0.045752,0.000000,0.169697,0.869565,0.854167,0.444444,0.000000
2,28,0.130435,0.045752,0.000000,0.169697,0.869565,0.854167,0.296296,0.000000
2,29,0.130435,0.045752,0.000000,0.187879,0.869565,0.838542,0.425926,0.000000
2,30,0.130435,0.045752,0.000000,0.187879,0.869565,0.838542,0.259259,0.000000
2,31,0.130435,0.045752,0.000000,0.145455,0.869565,0.875000,0.425926,0.000000
2,32,0.130435,0.045752,0.000000,0.145455,0.869565,0.875000,0.388889,0.000000
2,33,0.130435,0.045752,0.000000,0.296970,0.869565,0.744792,0.351852,0.000000
2,34,0.130435,0.045752,0.000000,0.296970,0.869565,0.744792,0.370370,0.000000
2,35,0.565217,0.111111,0.222222,0.915152,0.434783,0.182292,0.166667,0.044444
2,36,0.565217,0.111111,0.222222,0.909091,0.434783,0.187500,0.185185,0.044444
2,37,0.565217,0.111111,0.037037,0.884848,0.434783,0.234375,0.185185,0.007407
2,38,0.565217,0.111111,0.111111,0.896970,0.434783,0.213542,0.185185,0.022222
2,39,0.565217,0.111111,0.000000,0.878788,0.434783,0.244792,0.185185,0.000000
2,40,0.565217,0.111111,0.259259,0.921212,0.434783,0.171875,0.185185,0.051852
2,41,0.565217,0.111111,0.148148,0.903030,0.434783,0.203125,0.166667,0.029630
2,42,0.043478,0.032680,0.000000,0.012121,0.956522,0.989583,0.629630,0.000000
2,43,0.043478,0.032680,0.000000,0.012121,0.956522,0.989583,0.259259,0.000000
2,44,0.130435,0.045752,0.000000,0.048485,0.869565,0.958333,0.481481,0.000000
2,45,0.130435,0.045752,0.000000,0.048485,0.869565,0.958333,0.203704,0.000000
2,46,0.130435,0.045752,0.000000,0.018182,0.869565,0.984375,0.500000,0.000000
2,47,0.130435,0.045752,0.000000,0.018182,0.869565,0.984375,0.277778,0.000000
2,48,0.130435,0.045752,0.000000,0.030303,0.869565,0.973958,0.500000,0.000000
2,49,0.130435,0.045752,0.000000,0.030303,0.869565,0.973958,0.277778,0.000000
2,50,0.130435,0.045752,0.000000,0.012121,0.869565,0.989583,0.425926,0.000000
2,51,0.130435,0.045752,0.000000,0.012121,0.869565,0.989583,0.314815,0.000000
2,52,0.130435,0.045752,0.000000,0.054545,0.869565,0.953125,0.444444,0.000000
2,53,0.130435,0.045752,0.000000,0.054545,0.869565,0.953125,0.388889,0.000000
2,54,0.130435,0.045752,0.000000,0.072727,0.869565,0.937500,0.462963,0.000000
2,55,0.130435,0.045752,0.000000,0.072727,0.869565,0.937500,0.407407,0.000000
2,56,0.565217,0.111111,0.037037,0.139394,0.434783,0.875000,0.185185,0.027027
2,57,0.565217,0.111111,0.074074,0.139394,0.434783,0.869792,0.185185,0.054054
2,58,0.565217,0.111111,0.037037,0.169697,0.434783,0.848958,0.240741,0.027027
2,59,0.565217,0.111111,0.000000,0.157576,0.434783,0.864583,0.185185,0.000000
2,60,0.565217,0.111111,0.037037,0.175758,0.434783,0.843750,0.222222,0.027027
2,61,0.565217,0.111111,0.000000,0.133333,0.434783,0.885417,0.222222,0.000000
2,62,0.565217,0.111111,0.000000,0.151515,0.434783,0.869792,0.203704,0.000000
2,63,0.043478,0.032680,0.000000,0.006061,0.956522,0.994792,0.537037,0.000000
2,64,0.043478,0.032680,0.000000,0.006061,0.956522,0.994792,0.259259,0.000000
2,65,0.130435,0.045752,0.000000,0.018182,0.869565,0.984375,0.518519,0.000000
2,66,0.130435,0.045752,0.000000,0.018182,0.869565,0.984375,0.240741,0.000000
2,67,0.130435,0.045752,0.000000,0.012121,0.869565,0.989583,0.462963,0.000000
2,68,0.130435,0.045752,0.000000,0.012121,0.869565,0.989583,0.314815,0.000000
2,69,0.130435,0.045752,0.000000,0.006061,0.869565,0.994792,0.500000,0.000000
2,70,0.130435,0.045752,0.000000,0.006061,0.869565,0.994792,0.314815,0.000000
2,71,0.130435,0.045752,0.000000,0.012121,0.869565,0.989583,0.407407,0.000000
2,72,0.130435,0.045752,0.000000,0.012121,0.869565,0.989583,0.277778,0.000000
2,73,0.130435,0.045752,0.000000,0.006061,0.869565,0.994792,0.407407,0.000000
2,74,0.130435,0.045752,0.000000,0.006061,0.869565,0.994792,0.351852,0.000000
2,75,0.130435,0.045752,0.000000,0.012121,0.869565,0.989583,0.462963,0.000000
2,76,0.130435,0.045752,0.000000,0.012121,0.869565,0.989583,0.407407,0.000000
2,77,0.565217,0.111111,0.000000,0.030303,0.434783,0.973958,0.203704,0.000000
2,78,0.565217,0.111111,0.000000,0.024242,0.434783,0.979167,0.203704,0.000000
2,79,0.565217,0.111111,0.000000,0.030303,0.434783,0.973958,0.277778,0.000000
2,80,0.565217,0.111111,0.000000,0.036364,0.434783,0.968750,0.240741,0.000000
2,81,0.565217,0.111111,0.000000,0.030303,0.434783,0.973958,0.259259,0.000000
2,82,0.565217,0.111111,0.000000,0.036364,0.434783,0.968750,0.259259,0.000000
2,83,0.565217,0.111111,0.000000,0.036364,0.434783,0.968750,0.185185,0.000000
2,84,0.043478,0.032680,0.000000,0.012121,0.956522,0.989583,0.518519,0.000000
2,85,0.043478,0.032680,0.000000,0.006061,0.956522,0.994792,0.222222,0.000000
2,86,0.130435,0.045752,0.000000,0.012121,0.869565,0.989583,0.444444,0.000000
2,87,0.130435,0.045752,0.000000,0.006061,0.869565,0.994792,0.240741,0.000000
2,88,0.130435,0.045752,0.000000,0.006061,0.869565,0.994792,0.444444,0.000000
2,89,0.130435,0.045752,0.000000,0.006061,0.869565,0.994792,0.333333,0.000000
2,90,0.130435,0.045752,0.000000,0.006061,0.869565,0.994792,0.444444,0.000000
2,91,0.130435,0.045752,0.000000,0.006061,0.869565,0.994792,0.296296,0.000000
2,92,0.130435,0.045752,0.000000,0.012121,0.869565,0.989583,0.407407,0.000000
2,93,0.130435,0.045752,0.000000,0.006061,0.869565,0.994792,0.314815,0.000000
2,94,0.130435,0.045752,0.000000,0.006061,0.869565,0.994792,0.425926,0.000000
2,95,0.130435,0.045752,0.000000,0.006061,0.869565,0.994792,0.370370,0.000000
2,96,0.130435,0.045752,0.000000,0.012121,0.869565,0.989583,0.407407,0.000000
2,97,0.130435,0.045752,0.000000,0.006061,0.869565,0.994792,0.425926,0.000000
2,98,0.565217,0.111111,0.000000,0.006061,0.434783,0.994792,0.203704,0.000000
2,99,0.565217,0.111111,0.000000,0.006061,0.434783,0.994792,0.240741,0.000000
2,100,0.565217,0.111111,0.000000,0.006061,0.434783,0.994792,0.259259,0.000000
2,101,0.565217,0.111111,0.000000,0.006061,0.434783,0.994792,0.259259,0.000000
2,102,0.565217,0.111111,0.000000,0.006061,0.434783,0.994792,0.240741,0.000000
2,103,0.565217,0.111111,0.000000,0.012121,0.434783,0.989583,0.277778,0.000000
2,104,0.565217,0.111111,0.000000,0.006061,0.434783,0.994792,0.222222,0.000000
2,105,0.043478,0.032680,0.000000,0.006061,0.956522,0.994792,0.296296,0.000000
2,106,0.043478,0.032680,0.037037,0.006061,0.956522,0.989583,0.203704,0.027027
2,107,0.130435,0.045752,0.000000,0.006061,0.869565,0.994792,0.259259,0.000000
2,108,0.130435,0.045752,0.000000,0.006061,0.869565,0.994792,0.185185,0.000000
2,109,0.130435,0.045752,0.000000,0.006061,0.869565,0.994792,0.259259,0.000000
2,110,0.130435,0.045752,0.000000,0.006061,0.869565,0.994792,0.277778,0.000000
2,111,0.130435,0.045752,0.000000,0.006061,0.869565,0.994792,0.259259,0.000000
2,112,0.130435,0.045752,0.000000,0.006061,0.869565,0.994792,0.259259,0.000000
2,113,0.130435,0.045752,0.000000,0.006061,0.869565,0.994792,0.203704,0.000000
2,114,0.130435,0.045752,0.000000,0.006061,0.869565,0.994792,0.185185,0.000000
2,115,0.130435,0.045752,0.000000,0.006061,0.869565,0.994792,0.222222,0.000000
2,116,0.130435,0.045752,0.037037,0.006061,0.869565,0.989583,0.203704,0.027027
2,117,0.130435,0.045752,0.000000,0.006061,0.869565,0.994792,0.240741,0.000000
2,118,0.130435,0.045752,0.000000,0.006061,0.869565,0.994792,0.240741,0.000000
2,119,0.565217,0.111111,0.000000,0.006061,0.434783,0.994792,0.148148,0.000000
2,120,0.565217,0.111111,0.000000,0.006061,0.434783,0.994792,0.166667,0.000000
2,121,0.565217,0.111111,0.000000,0.006061,0.434783,0.994792,0.166667,0.000000
2,122,0.565217,0.111111,0.000000,0.006061,0.434783,0.994792,0.148148,0.000000
2,123,0.565217,0.111111,0.000000,0.006061,0.434783,0.994792,0.185185,0.000000
2,124,0.565217,0.111111,0.000000,0.006061,0.434783,0.994792,0.185185,0.000000
2,125,0.565217,0.111111,0.000000,0.006061,0.434783,0.994792,0.148148,0.000000
2,126,0.000000,0.026144,0.000000,0.012121,1.000000,0.989583,0.592593,0.000000
2,127,0.000000,0.026144,0.000000,0.006061,1.000000,0.994792,0.555556,0.000000
2,128,0.043478,0.032680,0.000000,0.012121,0.956522,0.989583,0.555556,0.000000
2,129,0.043478,0.032680,0.000000,0.006061,0.956522,0.994792,0.555556,0.000000
2,130,0.043478,0.032680,0.000000,0.006061,0.956522,0.994792,0.537037,0.000000
2,131,0.043478,0.032680,0.000000,0.006061,0.956522,0.994792,0.611111,0.000000
2,132,0.043478,0.032680,0.000000,0.006061,0.956522,0.994792,0.555556,0.000000
2,133,0.043478,0.032680,0.000000,0.006061,0.956522,0.994792,0.574074,0.000000
2,134,0.043478,0.032680,0.000000,0.012121,0.956522,0.989583,0.555556,0.000000
2,135,0.043478,0.032680,0.000000,0.006061,0.956522,0.994792,0.574074,0.000000
2,136,0.043478,0.032680,0.000000,0.006061,0.956522,0.994792,0.592593,0.000000
2,137,0.043478,0.032680,0.000000,0.006061,0.956522,0.994792,0.574074,0.000000
2,138,0.043478,0.032680,0.000000,0.012121,0.956522,0.989583,0.574074,0.000000
2,139,0.043478,0.032680,0.000000,0.006061,0.956522,0.994792,0.574074,0.000000
2,140,0.260870,0.065359,0.000000,0.006061,0.739130,0.994792,0.555556,0.000000
2,141,0.260870,0.065359,0.000000,0.006061,0.739130,0.994792,0.537037,0.000000
2,142,0.260870,0.065359,0.000000,0.006061,0.739130,0.994792,0.518519,0.000000
2,143,0.260870,0.065359,0.000000,0.006061,0.739130,0.994792,0.500000,0.000000
2,144,0.260870,0.065359,0.000000,0.006061,0.739130,0.994792,0.518519,0.000000
2,145,0.260870,0.065359,0.000000,0.012121,0.739130,0.989583,0.481481,0.000000
2,146,0.260870,0.065359,0.000000,0.006061,0.739130,0.994792,0.555556,0.000000
2,147,1.000000,0.176471,0.000000,0.054545,0.000000,0.953125,0.111111,0.000000
2,148,1.000000,0.176471,0.111111,0.200000,0.000000,0.812500,0.148148,0.081081
2,149,1.000000,0.176471,0.074074,0.072727,0.000000,0.927083,0.111111,0.014815
2,150,1.000000,0.176471,0.037037,0.048485,0.000000,0.953125,0.148148,0.007407
2,151,1.000000,0.176471,0.037037,0.048485,0.000000,0.953125,0.111111,0.007407
2,152,1.000000,0.176471,0.037037,0.060606,0.000000,0.942708,0.166667,0.007407
2,153,1.000000,0.176471,0.037037,0.048485,0.000000,0.953125,0.111111,0.007407
3,0,0.000000,0.026144,0.000000,0.000000,1.000000,1.000000,0.654545,0.000000
3,1,0.000000,0.026144,0.000000,0.000000,1.000000,1.000000,0.163636,0.000000
3,2,0.086957,0.039216,0.000000,0.172414,0.913043,0.851190,0.490909,0.000000
3,3,0.086957,0.039216,0.000000,0.172414,0.913043,0.851190,0.145455,0.000000
3,4,0.086957,0.039216,0.000000,0.165517,0.913043,0.857143,0.490909,0.000000
3,5,0.086957,0.039216,0.000000,0.165517,0.913043,0.857143,0.236364,0.000000
3,6,0.086957,0.039216,0.000000,0.165517,0.913043,0.857143,0.454545,0.000000
3,7,0.086957,0.039216,0.000000,0.165517,0.913043,0.857143,0.254545,0.000000
3,8,0.086957,0.039216,0.000000,0.165517,0.913043,0.857143,0.454545,0.000000
3,9,0.086957,0.039216,0.000000,0.165517,0.913043,0.857143,0.254545,0.000000
3,10,0.086957,0.039216,0.000000,0.165517,0.913043,0.857143,0.400000,0.000000
3,11,0.086957,0.039216,0.000000,0.165517,0.913043,0.857143,0.327273,0.000000
3,12,0.086957,0.039216,0.000000,0.331034,0.913043,0.714286,0.363636,0.000000
3,13,0.086957,0.039216,0.000000,0.331034,0.913043,0.714286,0.327273,0.000000
3,14,0.521739,0.104575,0.869565,1.000000,0.478261,0.017857,0.127273,0.173913
3,15,0.521739,0.104575,0.869565,0.993103,0.478261,0.023810,0.109091,0.625000
3,16,0.521739,0.104575,0.913043,1.000000,0.478261,0.011905,0.127273,0.182609
3,17,0.521739,0.104575,1.000000,1.000000,0.478261,0.000000,0.109091,0.200000
3,18,0.521739,0.104575,0.956522,1.000000,0.478261,0.005952,0.127273,0.191304
3,19,0.521739,0.104575,0.869565,1.000000,0.478261,0.017857,0.109091,0.173913
3,20,0.521739,0.104575,0.869565,1.000000,0.478261,0.017857,0.109091,0.173913
3,21,0.043478,0.032680,0.000000,0.020690,0.956522,0.982143,0.563636,0.000000
3,22,0.043478,0.032680,0.000000,0.020690,0.956522,0.982143,0.145455,0.000000
3,23,0.130435,0.045752,0.000000,0.165517,0.869565,0.857143,0.472727,0.000000
3,24,0.130435,0.045752,0.000000,0.165517,0.869565,0.857143,0.145455,0.000000
3,25,0.130435,0.045752,0.000000,0.165517,0.869565,0.857143,0.472727,0.000000
3,26,0.130435,0.045752,0.000000,0.165517,0.869565,0.857143,0.236364,0.000000
3,27,0.130435,0.045752,0.000000,0.179310,0.869565,0.845238,0.436364,0.000000
3,28,0.130435,0.045752,0.000000,0.179310,0.869565,0.845238,0.290909,0.000000
3,29,0.130435,0.045752,0.000000,0.172414,0.869565,0.851190,0.418182,0.000000
3,30,0.130435,0.045752,0.000000,0.172414,0.869565,0.851190,0.254545,0.000000
3,31,0.130435,0.045752,0.000000,0.158621,0.869565,0.863095,0.418182,0.000000
3,32,0.130435,0.045752,0.000000,0.158621,0.869565,0.863095,0.381818,0.000000
3,33,0.130435,0.045752,0.000000,0.303448,0.869565,0.738095,0.345455,0.000000
3,34,0.130435,0.045752,0.000000,0.303448,0.869565,0.738095,0.363636,0.000000
3,35,0.565217,0.111111,0.173913,0.903448,0.434783,0.196429,0.163636,0.034783
3,36,0.565217,0.111111,0.217391,0.896552,0.434783,0.196429,0.181818,0.156250
3,37,0.565217,0.111111,0.130435,0.896552,0.434783,0.208333,0.181818,0.026087
3,38,0.565217,0.111111,0.043478,0.882759,0.434783,0.232143,0.181818,0.008696
3,39,0.565217,0.111111,0.086957,0.889655,0.434783,0.220238,0.181818,0.017391
3,40,0.565217,0.111111,0.173913,0.903448,0.434783,0.196429,0.181818,0.034783
3,41,0.565217,0.111111,0.173913,0.896552,0.434783,0.202381,0.163636,0.034783
3,42,0.043478,0.032680,0.000000,0.006897,0.956522,0.994048,0.618182,0.000000
3,43,0.043478,0.032680,0.000000,0.006897,0.956522,0.994048,0.254545,0.000000
3,44,0.130435,0.045752,0.000000,0.041379,0.869565,0.964286,0.472727,0.000000
3,45,0.130435,0.045752,0.000000,0.041379,0.869565,0.964286,0.200000,0.000000
3,46,0.130435,0.045752,0.000000,0.027586,0.869565,0.976190,0.490909,0.000000
3,47,0.130435,0.045752,0.000000,0.027586,0.869565,0.976190,0.272727,0.000000
3,48,0.130435,0.045752,0.000000,0.013793,0.869565,0.988095,0.490909,0.000000
3,49,0.130435,0.045752,0.000000,0.013793,0.869565,0.988095,0.272727,0.000000
3,50,0.130435,0.045752,0.000000,0.020690,0.869565,0.982143,0.418182,0.000000
3,51,0.130435,0.045752,0.000000,0.020690,0.869565,0.982143,0.309091,0.000000
3,52,0.130435,0.045752,0.000000,0.034483,0.869565,0.970238,0.436364,0.000000
3,53,0.130435,0.045752,0.000000,0.034483,0.869565,0.970238,0.381818,0.000000
3,54,0.130435,0.045752,0.000000,0.062069,0.869565,0.946429,0.454545,0.000000
3,55,0.130435,0.045752,0.000000,0.062069,0.869565,0.946429,0.400000,0.000000
3,56,0.565217,0.111111,0.000000,0.137931,0.434783,0.880952,0.200000,0.000000
3,57,0.565217,0.111111,0.043478,0.131034,0.434783,0.880952,0.200000,0.031250
3,58,0.565217,0.111111,0.000000,0.144828,0.434783,0.875000,0.254545,0.000000
3,59,0.565217,0.111111,0.000000,0.158621,0.434783,0.863095,0.181818,0.000000
3,60,0.565217,0.111111,0.000000,0.151724,0.434783,0.869048,0.236364,0.000000
3,61,0.565217,0.111111,0.000000,0.137931,0.434783,0.880952,0.218182,0.000000
3,62,0.565217,0.111111,0.043478,0.137931,0.434783,0.875000,0.200000,0.008696
3,63,0.043478,0.032680,0.000000,0.006897,0.956522,0.994048,0.527273,0.000000
3,64,0.043478,0.032680,0.000000,0.006897,0.956522,0.994048,0.254545,0.000000
3,65,0.130435,0.045752,0.000000,0.013793,0.869565,0.988095,0.509091,0.000000
3,66,0.130435,0.045752,0.000000,0.013793,0.869565,0.988095,0.236364,0.000000
3,67,0.130435,0.045752,0.000000,0.006897,0.869565,0.994048,0.454545,0.000000
3,68,0.130435,0.045752,0.000000,0.006897,0.869565,0.994048,0.309091,0.000000
3,69,0.130435,0.045752,0.000000,0.006897,0.869565,0.994048,0.490909,0.000000
3,70,0.130435,0.045752,0.000000,0.006897,0.869565,0.994048,0.309091,0.000000
3,71,0.130435,0.045752,0.000000,0.006897,0.869565,0.994048,0.400000,0.000000
3,72,0.130435,0.045752,0.000000,0.006897,0.869565,0.994048,0.272727,0.000000
3,73,0.130435,0.045752,0.000000,0.006897,0.869565,0.994048,0.400000,0.000000
3,74,0.130435,0.045752,0.000000,0.006897,0.869565,0.994048,0.345455,0.000000
3,75,0.130435,0.045752,0.000000,0.020690,0.869565,0.982143,0.454545,0.000000
3,76,0.130435,0.045752,0.000000,0.020690,0.869565,0.982143,0.400000,0.000000
3,77,0.565217,0.111111,0.000000,0.020690,0.434783,0.982143,0.200000,0.000000
3,78,0.565217,0.111111,0.000000,0.020690,0.434783,0.982143,0.200000,0.000000
3,79,0.565217,0.111111,0.000000,0.027586,0.434783,0.976190,0.272727,0.000000
3,80,0.565217,0.111111,0.000000,0.027586,0.434783,0.976190,0.236364,0.000000
3,81,0.565217,0.111111,0.000000,0.027586,0.434783,0.976190,0.254545,0.000000
3,82,0.565217,0.111111,0.000000,0.027586,0.434783,0.976190,0.254545,0.000000
3,83,0.565217,0.111111,0.000000,0.020690,0.434783,0.982143,0.181818,0.000000
3,84,0.043478,0.032680,0.000000,0.013793,0.956522,0.988095,0.509091,0.000000
3,85,0.043478,0.032680,0.000000,0.013793,0.956522,0.988095,0.218182,0.000000
3,86,0.130435,0.045752,0.000000,0.013793,0.869565,0.988095,0.436364,0.000000
3,87,0.130435,0.045752,0.000000,0.013793,0.869565,0.988095,0.236364,0.000000
3,88,0.130435,0.045752,0.000000,0.013793,0.869565,0.988095,0.436364,0.000000
3,89,0.130435,0.045752,0.000000,0.013793,0.869565,0.988095,0.327273,0.000000
3,90,0.130435,0.045752,0.000000,0.013793,0.869565,0.988095,0.436364,0.000000
3,91,0.130435,0.045752,0.000000,0.013793,0.869565,0.988095,0.290909,0.000000
3,92,0.130435,0.045752,0.000000,0.013793,0.869565,0.988095,0.400000,0.000000
3,93,0.130435,0.045752,0.000000,0.027586,0.869565,0.976190,0.309091,0.000000
3,94,0.130435,0.045752,0.000000,0.013793,0.869565,0.988095,0.418182,0.000000
3,95,0.130435,0.045752,0.000000,0.013793,0.869565,0.988095,0.363636,0.000000
3,96,0.130435,0.045752,0.000000,0.020690,0.869565,0.982143,0.400000,0.000000
3,97,0.130435,0.045752,0.000000,0.034483,0.869565,0.970238,0.418182,0.000000
3,98,0.565217,0.111111,0.043478,0.013793,0.434783,0.982143,0.200000,0.031250
3,99,0.565217,0.111111,0.000000,0.020690,0.434783,0.982143,0.236364,0.000000
3,100,0.565217,0.111111,0.000000,0.020690,0.434783,0.982143,0.254545,0.000000
3,101,0.565217,0.111111,0.000000,0.020690,0.434783,0.982143,0.254545,0.000000
3,102,0.565217,0.111111,0.000000,0.020690,0.434783,0.982143,0.236364,0.000000
3,103,0.565217,0.111111,0.000000,0.034483,0.434783,0.970238,0.272727,0.000000
3,104,0.565217,0.111111,0.000000,0.020690,0.434783,0.982143,0.218182,0.000000
3,105,0.043478,0.032680,0.000000,0.013793,0.956522,0.988095,0.290909,0.000000
3,106,0.043478,0.032680,0.000000,0.013793,0.956522,0.988095,0.218182,0.000000
3,107,0.130435,0.045752,0.000000,0.013793,0.869565,0.988095,0.254545,0.000000
3,108,0.130435,0.045752,0.000000,0.013793,0.869565,0.988095,0.181818,0.000000
3,109,0.130435,0.045752,0.000000,0.013793,0.869565,0.988095,0.254545,0.000000
3,110,0.130435,0.045752,0.000000,0.013793,0.869565,0.988095,0.272727,0.000000
3,111,0.130435,0.045752,0.000000,0.013793,0.869565,0.988095,0.254545,0.000000
3,112,0.130435,0.045752,0.000000,0.013793,0.869565,0.988095,0.254545,0.000000
3,113,0.130435,0.045752,0.000000,0.013793,0.869565,0.988095,0.200000,0.000000
3,114,0.130435,0.045752,0.000000,0.013793,0.869565,0.988095,0.181818,0.000000
3,115,0.130435,0.045752,0.086957,0.013793,0.869565,0.976190,0.218182,0.062500
3,116,0.130435,0.045752,0.000000,0.013793,0.869565,0.988095,0.218182,0.000000
3,117,0.130435,0.045752,0.000000,0.020690,0.869565,0.982143,0.236364,0.000000
3,118,0.130435,0.045752,0.000000,0.020690,0.869565,0.982143,0.236364,0.000000
3,119,0.565217,0.111111,0.043478,0.013793,0.434783,0.982143,0.145455,0.031250
3,120,0.565217,0.111111,0.000000,0.020690,0.434783,0.982143,0.163636,0.000000
3,121,0.565217,0.111111,0.000000,0.020690,0.434783,0.982143,0.163636,0.000000
3,122,0.565217,0.111111,0.000000,0.020690,0.434783,0.982143,0.145455,0.000000
3,123,0.565217,0.111111,0.000000,0.020690,0.434783,0.982143,0.181818,0.000000
3,124,0.565217,0.111111,0.000000,0.020690,0.434783,0.982143,0.181818,0.000000
3,125,0.565217,0.111111,0.000000,0.020690,0.434783,0.982143,0.145455,0.000000
3,126,0.000000,0.026144,0.000000,0.013793,1.000000,0.988095,0.581818,0.000000
3,127,0.000000,0.026144,0.000000,0.013793,1.000000,0.988095,0.545455,0.000000
3,128,0.043478,0.032680,0.000000,0.013793,0.956522,0.988095,0.545455,0.000000
3,129,0.043478,0.032680,0.000000,0.013793,0.956522,0.988095,0.545455,0.000000
3,130,0.043478,0.032680,0.000000,0.013793,0.956522,0.988095,0.527273,0.000000
3,131,0.043478,0.032680,0.000000,0.013793,0.956522,0.988095,0.600000,0.000000
3,132,0.043478,0.032680,0.000000,0.013793,0.956522,0.988095,0.545455,0.000000
3,133,0.043478,0.032680,0.000000,0.013793,0.956522,0.988095,0.563636,0.000000
3,134,0.043478,0.032680,0.000000,0.013793,0.956522,0.988095,0.545455,0.000000
3,135,0.043478,0.032680,0.000000,0.027586,0.956522,0.976190,0.563636,0.000000
3,136,0.043478,0.032680,0.000000,0.013793,0.956522,0.988095,0.581818,0.000000
3,137,0.043478,0.032680,0.000000,0.013793,0.956522,0.988095,0.563636,0.000000
3,138,0.043478,0.032680,0.000000,0.020690,0.956522,0.982143,0.563636,0.000000
3,139,0.043478,0.032680,0.000000,0.034483,0.956522,0.970238,0.563636,0.000000
3,140,0.260870,0.065359,0.000000,0.013793,0.739130,0.988095,0.545455,0.000000
3,141,0.260870,0.065359,0.000000,0.020690,0.739130,0.982143,0.527273,0.000000
3,142,0.260870,0.065359,0.000000,0.020690,0.739130,0.982143,0.509091,0.000000
3,143,0.260870,0.065359,0.000000,0.020690,0.739130,0.982143,0.490909,0.000000
3,144,0.260870,0.065359,0.000000,0.020690,0.739130,0.982143,0.509091,0.000000
3,145,0.260870,0.065359,0.000000,0.034483,0.739130,0.970238,0.472727,0.000000
3,146,0.260870,0.065359,0.000000,0.020690,0.739130,0.982143,0.545455,0.000000
3,147,1.000000,0.176471,0.000000,0.075862,0.000000,0.934524,0.109091,0.000000
3,148,1.000000,0.176471,0.130435,0.213793,0.000000,0.797619,0.163636,0.026087
3,149,1.000000,0.176471,0.043478,0.082759,0.000000,0.922619,0.109091,0.008696
3,150,1.000000,0.176471,0.043478,0.068966,0.000000,0.934524,0.145455,0.008696
3,151,1.000000,0.176471,0.086957,0.068966,0.000000,0.928571,0.109091,0.017391
3,152,1.000000,0.176471,0.086957,0.082759,0.000000,0.916667,0.163636,0.017391
3,153,1.000000,0.176471,0.086957,0.062069,0.000000,0.934524,0.109091,0.062500
4,0,0.000000,0.026144,0.000000,0.000000,1.000000,1.000000,0.642857,0.000000
4,1,0.000000,0.026144,0.000000,0.000000,1.000000,1.000000,0.160714,0.000000
4,2,0.086957,0.039216,0.000000,0.168000,0.913043,0.853147,0.482143,0.000000
4,3,0.086957,0.039216,0.000000,0.168000,0.913043,0.853147,0.142857,0.000000
4,4,0.086957,0.039216,0.000000,0.160000,0.913043,0.860140,0.482143,0.000000
4,5,0.086957,0.039216,0.000000,0.160000,0.913043,0.860140,0.232143,0.000000
4,6,0.086957,0.039216,0.000000,0.168000,0.913043,0.853147,0.446429,0.000000
4,7,0.086957,0.039216,0.000000,0.168000,0.913043,0.853147,0.250000,0.000000
4,8,0.086957,0.039216,0.000000,0.160000,0.913043,0.860140,0.446429,0.000000
4,9,0.086957,0.039216,0.000000,0.160000,0.913043,0.860140,0.250000,0.000000
4,10,0.086957,0.039216,0.000000,0.168000,0.913043,0.853147,0.392857,0.000000
4,11,0.086957,0.039216,0.000000,0.168000,0.913043,0.853147,0.321429,0.000000
4,12,0.086957,0.039216,0.000000,0.336000,0.913043,0.706294,0.357143,0.000000
4,13,0.086957,0.039216,0.000000,0.336000,0.913043,0.706294,0.321429,0.000000
4,14,0.521739,0.104575,0.947368,0.992000,0.478261,0.006993,0.125000,0.189474
4,15,0.521739,0.104575,0.947368,0.992000,0.478261,0.006993,0.125000,0.189474
4,16,0.521739,0.104575,0.947368,1.000000,0.478261,0.000000,0.125000,0.189474
4,17,0.521739,0.104575,1.000000,0.992000,0.478261,0.000000,0.107143,0.791667
4,18,0.521739,0.104575,0.947368,1.000000,0.478261,0.000000,0.125000,0.189474
4,19,0.521739,0.104575,0.947368,0.992000,0.478261,0.006993,0.107143,0.189474
4,20,0.521739,0.104575,0.894737,0.992000,0.478261,0.013986,0.107143,0.178947
4,21,0.043478,0.032680,0.000000,0.016000,0.956522,0.986014,0.553571,0.000000
4,22,0.043478,0.032680,0.000000,0.016000,0.956522,0.986014,0.142857,0.000000
4,23,0.130435,0.045752,0.000000,0.160000,0.869565,0.860140,0.464286,0.000000
4,24,0.130435,0.045752,0.000000,0.160000,0.869565,0.860140,0.142857,0.000000
4,25,0.130435,0.045752,0.000000,0.168000,0.869565,0.853147,0.464286,0.000000
4,26,0.130435,0.045752,0.000000,0.168000,0.869565,0.853147,0.232143,0.000000
4,27,0.130435,0.045752,0.000000,0.168000,0.869565,0.853147,0.428571,0.000000
4,28,0.130435,0.045752,0.000000,0.168000,0.869565,0.853147,0.285714,0.000000
4,29,0.130435,0.045752,0.000000,0.160000,0.869565,0.860140,0.410714,0.000000
4,30,0.130435,0.045752,0.000000,0.160000,0.869565,0.860140,0.250000,0.000000
4,31,0.130435,0.045752,0.000000,0.160000,0.869565,0.860140,0.410714,0.000000
4,32,0.130435,0.045752,0.000000,0.160000,0.869565,0.860140,0.375000,0.000000
4,33,0.130435,0.045752,0.000000,0.296000,0.869565,0.741259,0.339286,0.000000
4,34,0.130435,0.045752,0.000000,0.296000,0.869565,0.741259,0.357143,0.000000
4,35,0.565217,0.111111,0.157895,0.888000,0.434783,0.202797,0.160714,0.031579
4,36,0.565217,0.111111,0.157895,0.888000,0.434783,0.202797,0.196429,0.031579
4,37,0.565217,0.111111,0.105263,0.880000,0.434783,0.216783,0.178571,0.021053
4,38,0.565217,0.111111,0.105263,0.880000,0.434783,0.216783,0.178571,0.021053
4,39,0.565217,0.111111,0.105263,0.888000,0.434783,0.209790,0.178571,0.021053
4,40,0.565217,0.111111,0.157895,0.888000,0.434783,0.202797,0.178571,0.031579
4,41,0.565217,0.111111,0.210526,0.896000,0.434783,0.188811,0.160714,0.042105
4,42,0.043478,0.032680,0.000000,0.000000,0.956522,1.000000,0.607143,0.000000
4,43,0.043478,0.032680,0.000000,0.000000,0.956522,1.000000,0.250000,0.000000
4,44,0.130435,0.045752,0.000000,0.024000,0.869565,0.979021,0.464286,0.000000
4,45,0.130435,0.045752,0.000000,0.024000,0.869565,0.979021,0.196429,0.000000
4,46,0.130435,0.045752,0.000000,0.016000,0.869565,0.986014,0.482143,0.000000
4,47,0.130435,0.045752,0.000000,0.016000,0.869565,0.986014,0.267857,0.000000
4,48,0.130435,0.045752,0.000000,0.016000,0.869565,0.986014,0.482143,0.000000
4,49,0.130435,0.045752,0.000000,0.016000,0.869565,0.986014,0.267857,0.000000
4,50,0.130435,0.045752,0.000000,0.016000,0.869565,0.986014,0.410714,0.000000
4,51,0.130435,0.045752,0.000000,0.016000,0.869565,0.986014,0.303571,0.000000
4,52,0.130435,0.045752,0.000000,0.024000,0.869565,0.979021,0.428571,0.000000
4,53,0.130435,0.045752,0.000000,0.024000,0.869565,0.979021,0.375000,0.000000
4,54,0.130435,0.045752,0.000000,0.056000,0.869565,0.951049,0.446429,0.000000
4,55,0.130435,0.045752,0.000000,0.056000,0.869565,0.951049,0.392857,0.000000
4,56,0.565217,0.111111,0.000000,0.128000,0.434783,0.888112,0.196429,0.000000
4,57,0.565217,0.111111,0.000000,0.128000,0.434783,0.888112,0.214286,0.000000
4,58,0.565217,0.111111,0.052632,0.136000,0.434783,0.874126,0.250000,0.041667
4,59,0.565217,0.111111,0.000000,0.136000,0.434783,0.881119,0.178571,0.000000
4,60,0.565217,0.111111,0.000000,0.136000,0.434783,0.881119,0.232143,0.000000
4,61,0.565217,0.111111,0.000000,0.128000,0.434783,0.888112,0.214286,0.000000
4,62,0.565217,0.111111,0.000000,0.120000,0.434783,0.895105,0.196429,0.000000
4,63,0.043478,0.032680,0.000000,0.000000,0.956522,1.000000,0.517857,0.000000
4,64,0.043478,0.032680,0.000000,0.000000,0.956522,1.000000,0.250000,0.000000
4,65,0.130435,0.045752,0.000000,0.000000,0.869565,1.000000,0.500000,0.000000
4,66,0.130435,0.045752,0.000000,0.000000,0.869565,1.000000,0.232143,0.000000
4,67,0.130435,0.045752,0.000000,0.008000,0.869565,0.993007,0.446429,0.000000
4,68,0.130435,0.045752,0.000000,0.008000,0.869565,0.993007,0.303571,0.000000
4,69,0.130435,0.045752,0.000000,0.000000,0.869565,1.000000,0.482143,0.000000
4,70,0.130435,0.045752,0.000000,0.000000,0.869565,1.000000,0.303571,0.000000
4,71,0.130435,0.045752,0.000000,0.000000,0.869565,1.000000,0.392857,0.000000
4,72,0.130435,0.045752,0.000000,0.000000,0.869565,1.000000,0.267857,0.000000
4,73,0.130435,0.045752,0.000000,0.000000,0.869565,1.000000,0.392857,0.000000
4,74,0.130435,0.045752,0.000000,0.000000,0.869565,1.000000,0.339286,0.000000
4,75,0.130435,0.045752,0.000000,0.000000,0.869565,1.000000,0.446429,0.000000
4,76,0.130435,0.045752,0.000000,0.000000,0.869565,1.000000,0.392857,0.000000
4,77,0.565217,0.111111,0.000000,0.008000,0.434783,0.993007,0.196429,0.000000
4,78,0.565217,0.111111,0.000000,0.008000,0.434783,0.993007,0.196429,0.000000
4,79,0.565217,0.111111,0.000000,0.000000,0.434783,1.000000,0.267857,0.000000
4,80,0.565217,0.111111,0.000000,0.008000,0.434783,0.993007,0.232143,0.000000
4,81,0.565217,0.111111,0.000000,0.008000,0.434783,0.993007,0.250000,0.000000
4,82,0.565217,0.111111,0.000000,0.008000,0.434783,0.993007,0.250000,0.000000
4,83,0.565217,0.111111,0.000000,0.008000,0.434783,0.993007,0.178571,0.000000
4,84,0.043478,0.032680,0.000000,0.008000,0.956522,0.993007,0.500000,0.000000
4,85,0.043478,0.032680,0.000000,0.000000,0.956522,1.000000,0.214286,0.000000
4,86,0.130435,0.045752,0.000000,0.000000,0.869565,1.000000,0.428571,0.000000
4,87,0.130435,0.045752,0.000000,0.000000,0.869565,1.000000,0.232143,0.000000
4,88,0.130435,0.045752,0.000000,0.008000,0.869565,0.993007,0.428571,0.000000
4,89,0.130435,0.045752,0.000000,0.000000,0.869565,1.000000,0.321429,0.000000
4,90,0.130435,0.045752,0.000000,0.008000,0.869565,0.993007,0.428571,0.000000
4,91,0.130435,0.045752,0.000000,0.000000,0.869565,1.000000,0.285714,0.000000
4,92,0.130435,0.045752,0.000000,0.000000,0.869565,1.000000,0.392857,0.000000
4,93,0.130435,0.045752,0.000000,0.000000,0.869565,1.000000,0.303571,0.000000
4,94,0.130435,0.045752,0.000000,0.008000,0.869565,0.993007,0.410714,0.000000
4,95,0.130435,0.045752,0.000000,0.000000,0.869565,1.000000,0.357143,0.000000
4,96,0.130435,0.045752,0.000000,0.000000,0.869565,1.000000,0.392857,0.000000
4,97,0.130435,0.045752,0.000000,0.000000,0.869565,1.000000,0.410714,0.000000
4,98,0.565217,0.111111,0.000000,0.000000,0.434783,1.000000,0.214286,0.000000
4,99,0.565217,0.111111,0.000000,0.008000,0.434783,0.993007,0.232143,0.000000
4,100,0.565217,0.111111,0.000000,0.000000,0.434783,1.000000,0.250000,0.000000
4,101,0.565217,0.111111,0.000000,0.000000,0.434783,1.000000,0.250000,0.000000
4,102,0.565217,0.111111,0.000000,0.008000,0.434783,0.993007,0.232143,0.000000
4,103,0.565217,0.111111,0.000000,0.000000,0.434783,1.000000,0.267857,0.000000
4,104,0.565217,0.111111,0.000000,0.000000,0.434783,1.000000,0.214286,0.000000
4,105,0.043478,0.032680,0.000000,0.000000,0.956522,1.000000,0.285714,0.000000
4,106,0.043478,0.032680,0.000000,0.000000,0.956522,1.000000,0.214286,0.000000
4,107,0.130435,0.045752,0.000000,0.000000,0.869565,1.000000,0.250000,0.000000
4,108,0.130435,0.045752,0.052632,0.000000,0.869565,0.993007,0.178571,0.041667
4,109,0.130435,0.045752,0.000000,0.000000,0.869565,1.000000,0.250000,0.000000
4,110,0.130435,0.045752,0.000000,0.000000,0.869565,1.000000,0.267857,0.000000
4,111,0.130435,0.045752,0.000000,0.000000,0.869565,1.000000,0.250000,0.000000
4,112,0.130435,0.045752,0.000000,0.000000,0.869565,1.000000,0.250000,0.000000
4,113,0.130435,0.045752,0.000000,0.000000,0.869565,1.000000,0.196429,0.000000
4,114,0.130435,0.045752,0.052632,0.000000,0.869565,0.993007,0.178571,0.041667
4,115,0.130435,0.045752,0.000000,0.000000,0.869565,1.000000,0.232143,0.000000
4,116,0.130435,0.045752,0.000000,0.000000,0.869565,1.000000,0.214286,0.000000
4,117,0.130435,0.045752,0.000000,0.000000,0.869565,1.000000,0.232143,0.000000
4,118,0.130435,0.045752,0.000000,0.000000,0.869565,1.000000,0.232143,0.000000
4,119,0.565217,0.111111,0.000000,0.000000,0.434783,1.000000,0.160714,0.000000
4,120,0.565217,0.111111,0.000000,0.000000,0.434783,1.000000,0.160714,0.000000
4,121,0.565217,0.111111,0.000000,0.000000,0.434783,1.000000,0.160714,0.000000
4,122,0.565217,0.111111,0.000000,0.000000,0.434783,1.000000,0.142857,0.000000
4,123,0.565217,0.111111,0.000000,0.000000,0.434783,1.000000,0.178571,0.000000
4,124,0.565217,0.111111,0.000000,0.000000,0.434783,1.000000,0.178571,0.000000
4,125,0.565217,0.111111,0.000000,0.000000,0.434783,1.000000,0.142857,0.000000
4,126,0.000000,0.026144,0.000000,0.008000,1.000000,0.993007,0.571429,0.000000
4,127,0.000000,0.026144,0.000000,0.000000,1.000000,1.000000,0.535714,0.000000
4,128,0.043478,0.032680,0.000000,0.000000,0.956522,1.000000,0.535714,0.000000
4,129,0.043478,0.032680,0.000000,0.000000,0.956522,1.000000,0.535714,0.000000
4,130,0.043478,0.032680,0.000000,0.008000,0.956522,0.993007,0.517857,0.000000
4,131,0.043478,0.032680,0.000000,0.000000,0.956522,1.000000,0.589286,0.000000
4,132,0.043478,0.032680,0.000000,0.008000,0.956522,0.993007,0.535714,0.000000
4,133,0.043478,0.032680,0.000000,0.000000,0.956522,1.000000,0.553571,0.000000
4,134,0.043478,0.032680,0.000000,0.000000,0.956522,1.000000,0.535714,0.000000
4,135,0.043478,0.032680,0.000000,0.000000,0.956522,1.000000,0.553571,0.000000
4,136,0.043478,0.032680,0.000000,0.008000,0.956522,0.993007,0.571429,0.000000
4,137,0.043478,0.032680,0.000000,0.000000,0.956522,1.000000,0.553571,0.000000
4,138,0.043478,0.032680,0.000000,0.000000,0.956522,1.000000,0.553571,0.000000
4,139,0.043478,0.032680,0.000000,0.000000,0.956522,1.000000,0.553571,0.000000
4,140,0.260870,0.065359,0.000000,0.000000,0.739130,1.000000,0.535714,0.000000
4,141,0.260870,0.065359,0.000000,0.008000,0.739130,0.993007,0.517857,0.000000
4,142,0.260870,0.065359,0.000000,0.000000,0.739130,1.000000,0.500000,0.000000
4,143,0.260870,0.065359,0.000000,0.000000,0.739130,1.000000,0.482143,0.000000
4,144,0.260870,0.065359,0.000000,0.008000,0.739130,0.993007,0.500000,0.000000
4,145,0.260870,0.065359,0.000000,0.000000,0.739130,1.000000,0.464286,0.000000
4,146,0.260870,0.065359,0.000000,0.000000,0.739130,1.000000,0.535714,0.000000
4,147,1.000000,0.176471,0.000000,0.016000,0.000000,0.986014,0.107143,0.000000
4,148,1.000000,0.176471,0.105263,0.152000,0.000000,0.853147,0.160714,0.083333
4,149,1.000000,0.176471,0.000000,0.024000,0.000000,0.979021,0.107143,0.000000
4,150,1.000000,0.176471,0.000000,0.016000,0.000000,0.986014,0.142857,0.000000
4,151,1.000000,0.176471,0.000000,0.016000,0.000000,0.986014,0.107143,0.000000
4,152,1.000000,0.176471,0.000000,0.032000,0.000000,0.972028,0.160714,0.000000
4,153,1.000000,0.176471,0.000000,0.016000,0.000000,0.986014,0.125000,0.000000
